provider,competition,season,column,rows,zeros,missing,non_zero,zero_rate,min_value,median_value,max_value,artificial_probability,quality_status,impact
football-data.co.uk,D1,2015-16,hthg,306,149,0,157,0.4869281045751634,0.0,1.0,4.0,0.05,OBSERVED,aucun verrou automatique
football-data.co.uk,D1,2015-16,htag,306,168,0,138,0.5490196078431373,0.0,0.0,3.0,0.05,OBSERVED,aucun verrou automatique
football-data.co.uk,D1,2015-16,hy,306,47,0,259,0.15359477124183007,0.0,2.0,6.0,0.05,OBSERVED,aucun verrou automatique
football-data.co.uk,D1,2015-16,ay,306,33,0,273,0.10784313725490197,0.0,2.0,6.0,0.05,OBSERVED,aucun verrou automatique
football-data.co.uk,D1,2015-16,hr,306,290,0,16,0.9477124183006536,0.0,0.0,1.0,0.05,OBSERVED,aucun verrou automatique
football-data.co.uk,D1,2015-16,ar,306,283,0,23,0.9248366013071896,0.0,0.0,1.0,0.05,OBSERVED,aucun verrou automatique
football-data.co.uk,D1,2015-16,hc,306,4,0,302,0.013071895424836602,0.0,5.0,18.0,0.05,OBSERVED,aucun verrou automatique
football-data.co.uk,D1,2015-16,ac,306,10,0,296,0.032679738562091505,0.0,4.0,13.0,0.05,OBSERVED,aucun verrou automatique
football-data.co.uk,D1,2016-17,hthg,306,139,0,167,0.4542483660130719,0.0,1.0,4.0,0.05,OBSERVED,aucun verrou automatique
football-data.co.uk,D1,2016-17,htag,306,186,0,120,0.6078431372549019,0.0,0.0,3.0,0.05,OBSERVED,aucun verrou automatique
football-data.co.uk,D1,2016-17,hy,306,54,0,252,0.17647058823529413,0.0,2.0,6.0,0.05,OBSERVED,aucun verrou automatique
football-data.co.uk,D1,2016-17,ay,306,36,0,270,0.11764705882352941,0.0,2.0,6.0,0.05,OBSERVED,aucun verrou automatique
football-data.co.uk,D1,2016-17,hr,306,279,0,27,0.9117647058823529,0.0,0.0,2.0,0.05,OBSERVED,aucun verrou automatique
football-data.co.uk,D1,2016-17,ar,306,278,0,28,0.9084967320261438,0.0,0.0,1.0,0.05,OBSERVED,aucun verrou automatique
football-data.co.uk,D1,2016-17,hc,306,8,0,298,0.026143790849673203,0.0,5.0,15.0,0.05,OBSERVED,aucun verrou automatique
football-data.co.uk,D1,2016-17,ac,306,11,0,295,0.03594771241830065,0.0,4.0,14.0,0.05,OBSERVED,aucun verrou automatique
football-data.co.uk,D1,2017-18,hthg,306,131,0,175,0.42810457516339867,0.0,1.0,5.0,0.05,OBSERVED,aucun verrou automatique
football-data.co.uk,D1,2017-18,htag,306,191,0,115,0.6241830065359477,0.0,0.0,3.0,0.05,OBSERVED,aucun verrou automatique
football-data.co.uk,D1,2017-18,hy,306,76,0,230,0.24836601307189543,0.0,1.0,7.0,0.05,OBSERVED,aucun verrou automatique
football-data.co.uk,D1,2017-18,ay,306,49,0,257,0.16013071895424835,0.0,2.0,6.0,0.05,OBSERVED,aucun verrou automatique
football-data.co.uk,D1,2017-18,hr,306,284,0,22,0.9281045751633987,0.0,0.0,1.0,0.05,OBSERVED,aucun verrou automatique
football-data.co.uk,D1,2017-18,ar,306,285,0,21,0.9313725490196079,0.0,0.0,1.0,0.05,OBSERVED,aucun verrou automatique
football-data.co.uk,D1,2017-18,hc,306,7,0,299,0.02287581699346405,0.0,5.0,13.0,0.05,OBSERVED,aucun verrou automatique
football-data.co.uk,D1,2017-18,ac,306,8,0,298,0.026143790849673203,0.0,4.0,14.0,0.05,OBSERVED,aucun verrou automatique
football-data.co.uk,D1,2018-19,hthg,306,151,0,155,0.4934640522875817,0.0,1.0,6.0,0.05,OBSERVED,aucun verrou automatique
football-data.co.uk,D1,2018-19,htag,306,168,0,138,0.5490196078431373,0.0,0.0,4.0,0.05,OBSERVED,aucun verrou automatique
football-data.co.uk,D1,2018-19,hy,306,66,0,240,0.21568627450980393,0.0,1.0,6.0,0.05,OBSERVED,aucun verrou automatique
football-data.co.uk,D1,2018-19,ay,306,34,0,272,0.1111111111111111,0.0,2.0,7.0,0.05,OBSERVED,aucun verrou automatique
football-data.co.uk,D1,2018-19,hr,306,292,0,14,0.954248366013072,0.0,0.0,2.0,0.05,OBSERVED,aucun verrou automatique
football-data.co.uk,D1,2018-19,ar,306,279,0,27,0.9117647058823529,0.0,0.0,1.0,0.05,OBSERVED,aucun verrou automatique
football-data.co.uk,D1,2018-19,hc,306,7,0,299,0.02287581699346405,0.0,5.0,14.0,0.05,OBSERVED,aucun verrou automatique
football-data.co.uk,D1,2018-19,ac,306,5,0,301,0.016339869281045753,0.0,4.0,14.0,0.05,OBSERVED,aucun verrou automatique
football-data.co.uk,D1,2019-20,hthg,306,153,0,153,0.5,0.0,0.5,5.0,0.05,OBSERVED,aucun verrou automatique
football-data.co.uk,D1,2019-20,htag,306,158,0,148,0.5163398692810458,0.0,0.0,4.0,0.05,OBSERVED,aucun verrou automatique
football-data.co.uk,D1,2019-20,hy,306,53,0,253,0.17320261437908496,0.0,2.0,8.0,0.05,OBSERVED,aucun verrou automatique
football-data.co.uk,D1,2019-20,ay,306,34,0,272,0.1111111111111111,0.0,2.0,6.0,0.05,OBSERVED,aucun verrou automatique
football-data.co.uk,D1,2019-20,hr,306,286,0,20,0.934640522875817,0.0,0.0,1.0,0.05,OBSERVED,aucun verrou automatique
football-data.co.uk,D1,2019-20,ar,306,273,0,33,0.8921568627450981,0.0,0.0,2.0,0.05,OBSERVED,aucun verrou automatique
football-data.co.uk,D1,2019-20,hc,306,6,0,300,0.0196078431372549,0.0,5.0,19.0,0.05,OBSERVED,aucun verrou automatique
football-data.co.uk,D1,2019-20,ac,306,13,0,293,0.042483660130718956,0.0,4.0,14.0,0.05,OBSERVED,aucun verrou automatique
football-data.co.uk,D1,2020-21,hthg,306,161,0,145,0.5261437908496732,0.0,0.0,4.0,0.05,OBSERVED,aucun verrou automatique
football-data.co.uk,D1,2020-21,htag,306,167,0,139,0.545751633986928,0.0,0.0,3.0,0.05,OBSERVED,aucun verrou automatique
football-data.co.uk,D1,2020-21,hy,306,49,0,257,0.16013071895424835,0.0,2.0,7.0,0.05,OBSERVED,aucun verrou automatique
football-data.co.uk,D1,2020-21,ay,306,44,0,262,0.1437908496732026,0.0,2.0,7.0,0.05,OBSERVED,aucun verrou automatique
football-data.co.uk,D1,2020-21,hr,306,293,0,13,0.9575163398692811,0.0,0.0,1.0,0.05,OBSERVED,aucun verrou automatique
football-data.co.uk,D1,2020-21,ar,306,287,0,19,0.9379084967320261,0.0,0.0,2.0,0.05,OBSERVED,aucun verrou automatique
football-data.co.uk,D1,2020-21,hc,306,8,0,298,0.026143790849673203,0.0,4.0,14.0,0.05,OBSERVED,aucun verrou automatique
football-data.co.uk,D1,2020-21,ac,306,4,0,302,0.013071895424836602,0.0,4.0,14.0,0.05,OBSERVED,aucun verrou automatique
football-data.co.uk,D1,2021-22,hthg,306,141,0,165,0.46078431372549017,0.0,1.0,5.0,0.05,OBSERVED,aucun verrou automatique
football-data.co.uk,D1,2021-22,htag,306,162,0,144,0.5294117647058824,0.0,0.0,6.0,0.05,OBSERVED,aucun verrou automatique
football-data.co.uk,D1,2021-22,hy,306,59,0,247,0.19281045751633988,0.0,2.0,7.0,0.05,OBSERVED,aucun verrou automatique
football-data.co.uk,D1,2021-22,ay,306,42,0,264,0.13725490196078433,0.0,2.0,6.0,0.05,OBSERVED,aucun verrou automatique
football-data.co.uk,D1,2021-22,hr,306,299,0,7,0.9771241830065359,0.0,0.0,1.0,0.05,OBSERVED,aucun verrou automatique
football-data.co.uk,D1,2021-22,ar,306,289,0,17,0.9444444444444444,0.0,0.0,1.0,0.05,OBSERVED,aucun verrou automatique
football-data.co.uk,D1,2021-22,hc,306,5,0,301,0.016339869281045753,0.0,5.0,15.0,0.05,OBSERVED,aucun verrou automatique
football-data.co.uk,D1,2021-22,ac,306,10,0,296,0.032679738562091505,0.0,4.0,15.0,0.05,OBSERVED,aucun verrou automatique
football-data.co.uk,D1,2022-23,hthg,306,137,0,169,0.4477124183006536,0.0,1.0,5.0,0.05,OBSERVED,aucun verrou automatique
football-data.co.uk,D1,2022-23,htag,306,177,0,129,0.5784313725490197,0.0,0.0,5.0,0.05,OBSERVED,aucun verrou automatique
football-data.co.uk,D1,2022-23,hy,306,35,0,271,0.11437908496732026,0.0,2.0,7.0,0.05,OBSERVED,aucun verrou automatique
football-data.co.uk,D1,2022-23,ay,306,29,0,277,0.09477124183006536,0.0,2.0,7.0,0.05,OBSERVED,aucun verrou automatique
football-data.co.uk,D1,2022-23,hr,306,288,0,18,0.9411764705882353,0.0,0.0,1.0,0.05,OBSERVED,aucun verrou automatique
football-data.co.uk,D1,2022-23,ar,306,282,0,24,0.9215686274509803,0.0,0.0,2.0,0.05,OBSERVED,aucun verrou automatique
football-data.co.uk,D1,2022-23,hc,306,3,0,303,0.00980392156862745,0.0,5.0,18.0,0.05,OBSERVED,aucun verrou automatique
football-data.co.uk,D1,2022-23,ac,306,6,0,300,0.0196078431372549,0.0,4.0,13.0,0.05,OBSERVED,aucun verrou automatique
football-data.co.uk,D1,2023-24,hthg,306,128,0,178,0.41830065359477125,0.0,1.0,4.0,0.05,OBSERVED,aucun verrou automatique
football-data.co.uk,D1,2023-24,htag,306,153,0,153,0.5,0.0,0.5,5.0,0.05,OBSERVED,aucun verrou automatique
football-data.co.uk,D1,2023-24,hy,306,43,0,263,0.14052287581699346,0.0,2.0,7.0,0.05,OBSERVED,aucun verrou automatique
football-data.co.uk,D1,2023-24,ay,306,31,0,275,0.10130718954248366,0.0,2.0,7.0,0.05,OBSERVED,aucun verrou automatique
football-data.co.uk,D1,2023-24,hr,306,282,0,24,0.9215686274509803,0.0,0.0,1.0,0.05,OBSERVED,aucun verrou automatique
football-data.co.uk,D1,2023-24,ar,306,278,0,28,0.9084967320261438,0.0,0.0,2.0,0.05,OBSERVED,aucun verrou automatique
football-data.co.uk,D1,2023-24,hc,306,6,0,300,0.0196078431372549,0.0,5.0,16.0,0.05,OBSERVED,aucun verrou automatique
football-data.co.uk,D1,2023-24,ac,306,6,0,300,0.0196078431372549,0.0,4.0,15.0,0.05,OBSERVED,aucun verrou automatique
football-data.co.uk,D1,2024-25,hthg,306,153,0,153,0.5,0.0,0.5,4.0,0.05,OBSERVED,aucun verrou automatique
football-data.co.uk,D1,2024-25,htag,306,152,0,154,0.49673202614379086,0.0,1.0,4.0,0.05,OBSERVED,aucun verrou automatique
football-data.co.uk,D1,2024-25,hy,306,52,0,254,0.16993464052287582,0.0,2.0,8.0,0.05,OBSERVED,aucun verrou automatique
football-data.co.uk,D1,2024-25,ay,306,43,0,263,0.14052287581699346,0.0,2.0,7.0,0.05,OBSERVED,aucun verrou automatique
football-data.co.uk,D1,2024-25,hr,306,285,0,21,0.9313725490196079,0.0,0.0,3.0,0.05,OBSERVED,aucun verrou automatique
football-data.co.uk,D1,2024-25,ar,306,277,0,29,0.9052287581699346,0.0,0.0,2.0,0.05,OBSERVED,aucun verrou automatique
football-data.co.uk,D1,2024-25,hc,306,2,0,304,0.006535947712418301,0.0,5.0,18.0,0.05,OBSERVED,aucun verrou automatique
football-data.co.uk,D1,2024-25,ac,306,16,0,290,0.05228758169934641,0.0,4.0,14.0,0.05,OBSERVED,aucun verrou automatique
football-data.co.uk,D1,2025-26,hthg,306,143,0,163,0.4673202614379085,0.0,1.0,5.0,0.05,OBSERVED,aucun verrou automatique
football-data.co.uk,D1,2025-26,htag,306,166,0,140,0.5424836601307189,0.0,0.0,5.0,0.05,OBSERVED,aucun verrou automatique
football-data.co.uk,D1,2025-26,hy,306,47,0,259,0.15359477124183007,0.0,2.0,8.0,0.05,OBSERVED,aucun verrou automatique
football-data.co.uk,D1,2025-26,ay,306,38,0,268,0.12418300653594772,0.0,2.0,6.0,0.05,OBSERVED,aucun verrou automatique
football-data.co.uk,D1,2025-26,hr,306,278,0,28,0.9084967320261438,0.0,0.0,2.0,0.05,OBSERVED,aucun verrou automatique
football-data.co.uk,D1,2025-26,ar,306,285,0,21,0.9313725490196079,0.0,0.0,2.0,0.05,OBSERVED,aucun verrou automatique
football-data.co.uk,D1,2025-26,hc,306,5,0,301,0.016339869281045753,0.0,5.0,17.0,0.05,OBSERVED,aucun verrou automatique
football-data.co.uk,D1,2025-26,ac,306,10,0,296,0.032679738562091505,0.0,4.0,12.0,0.05,OBSERVED,aucun verrou automatique
football-data.co.uk,E0,2015-16,hthg,380,196,0,184,0.5157894736842106,0.0,0.0,4.0,0.05,OBSERVED,aucun verrou automatique
football-data.co.uk,E0,2015-16,htag,380,226,0,154,0.5947368421052631,0.0,0.0,3.0,0.05,OBSERVED,aucun verrou automatique
football-data.co.uk,E0,2015-16,hy,380,85,0,295,0.2236842105263158,0.0,1.0,6.0,0.05,OBSERVED,aucun verrou automatique
football-data.co.uk,E0,2015-16,ay,380,74,0,306,0.19473684210526315,0.0,2.0,9.0,0.05,OBSERVED,aucun verrou automatique
football-data.co.uk,E0,2015-16,hr,380,357,0,23,0.9394736842105263,0.0,0.0,2.0,0.05,OBSERVED,aucun verrou automatique
football-data.co.uk,E0,2015-16,ar,380,347,0,33,0.9131578947368421,0.0,0.0,2.0,0.05,OBSERVED,aucun verrou automatique
football-data.co.uk,E0,2015-16,hc,380,6,0,374,0.015789473684210527,0.0,5.5,18.0,0.05,OBSERVED,aucun verrou automatique
football-data.co.uk,E0,2015-16,ac,380,7,0,373,0.018421052631578946,0.0,5.0,14.0,0.05,OBSERVED,aucun verrou automatique
football-data.co.uk,E0,2016-17,hthg,380,193,0,187,0.5078947368421053,0.0,0.0,4.0,0.05,OBSERVED,aucun verrou automatique
football-data.co.uk,E0,2016-17,htag,380,232,0,148,0.6105263157894737,0.0,0.0,4.0,0.05,OBSERVED,aucun verrou automatique
football-data.co.uk,E0,2016-17,hy,380,67,0,313,0.1763157894736842,0.0,2.0,6.0,0.05,OBSERVED,aucun verrou automatique
football-data.co.uk,E0,2016-17,ay,380,61,0,319,0.16052631578947368,0.0,2.0,6.0,0.05,OBSERVED,aucun verrou automatique
football-data.co.uk,E0,2016-17,hr,380,360,0,20,0.9473684210526315,0.0,0.0,2.0,0.05,OBSERVED,aucun verrou automatique
football-data.co.uk,E0,2016-17,ar,380,360,0,20,0.9473684210526315,0.0,0.0,1.0,0.05,OBSERVED,aucun verrou automatique
football-data.co.uk,E0,2016-17,hc,380,5,0,375,0.013157894736842105,0.0,5.0,19.0,0.05,OBSERVED,aucun verrou automatique
football-data.co.uk,E0,2016-17,ac,380,5,0,375,0.013157894736842105,0.0,4.0,15.0,0.05,OBSERVED,aucun verrou automatique
football-data.co.uk,E0,2017-18,hthg,380,212,0,168,0.5578947368421052,0.0,0.0,4.0,0.05,OBSERVED,aucun verrou automatique
football-data.co.uk,E0,2017-18,htag,380,236,0,144,0.6210526315789474,0.0,0.0,3.0,0.05,OBSERVED,aucun verrou automatique
football-data.co.uk,E0,2017-18,hy,380,92,0,288,0.24210526315789474,0.0,1.0,6.0,0.05,OBSERVED,aucun verrou automatique
football-data.co.uk,E0,2017-18,ay,380,80,0,300,0.21052631578947367,0.0,1.0,7.0,0.05,OBSERVED,aucun verrou automatique
football-data.co.uk,E0,2017-18,hr,380,364,0,16,0.9578947368421052,0.0,0.0,2.0,0.05,OBSERVED,aucun verrou automatique
football-data.co.uk,E0,2017-18,ar,380,358,0,22,0.9421052631578948,0.0,0.0,1.0,0.05,OBSERVED,aucun verrou automatique
football-data.co.uk,E0,2017-18,hc,380,4,0,376,0.010526315789473684,0.0,5.0,18.0,0.05,OBSERVED,aucun verrou automatique
football-data.co.uk,E0,2017-18,ac,380,12,0,368,0.031578947368421054,0.0,4.0,13.0,0.05,OBSERVED,aucun verrou automatique
football-data.co.uk,E0,2018-19,hthg,380,199,0,181,0.5236842105263158,0.0,0.0,4.0,0.05,OBSERVED,aucun verrou automatique
football-data.co.uk,E0,2018-19,htag,380,218,0,162,0.5736842105263158,0.0,0.0,3.0,0.05,OBSERVED,aucun verrou automatique
football-data.co.uk,E0,2018-19,hy,380,87,0,293,0.22894736842105262,0.0,1.0,6.0,0.05,OBSERVED,aucun verrou automatique
football-data.co.uk,E0,2018-19,ay,380,59,0,321,0.15526315789473685,0.0,2.0,5.0,0.05,OBSERVED,aucun verrou automatique
football-data.co.uk,E0,2018-19,hr,380,362,0,18,0.9526315789473684,0.0,0.0,1.0,0.05,OBSERVED,aucun verrou automatique
football-data.co.uk,E0,2018-19,ar,380,352,0,28,0.9263157894736842,0.0,0.0,2.0,0.05,OBSERVED,aucun verrou automatique
football-data.co.uk,E0,2018-19,hc,380,3,0,377,0.007894736842105263,0.0,5.0,16.0,0.05,OBSERVED,aucun verrou automatique
football-data.co.uk,E0,2018-19,ac,380,15,0,365,0.039473684210526314,0.0,4.0,14.0,0.05,OBSERVED,aucun verrou automatique
football-data.co.uk,E0,2019-20,hthg,380,197,0,183,0.5184210526315789,0.0,0.0,5.0,0.05,OBSERVED,aucun verrou automatique
football-data.co.uk,E0,2019-20,htag,380,221,0,159,0.5815789473684211,0.0,0.0,5.0,0.05,OBSERVED,aucun verrou automatique
football-data.co.uk,E0,2019-20,hy,380,76,0,304,0.2,0.0,1.0,6.0,0.05,OBSERVED,aucun verrou automatique
football-data.co.uk,E0,2019-20,ay,380,58,0,322,0.15263157894736842,0.0,2.0,6.0,0.05,OBSERVED,aucun verrou automatique
football-data.co.uk,E0,2019-20,hr,380,359,0,21,0.9447368421052632,0.0,0.0,2.0,0.05,OBSERVED,aucun verrou automatique
football-data.co.uk,E0,2019-20,ar,380,357,0,23,0.9394736842105263,0.0,0.0,1.0,0.05,OBSERVED,aucun verrou automatique
football-data.co.uk,E0,2019-20,hc,380,6,0,374,0.015789473684210527,0.0,5.0,17.0,0.05,OBSERVED,aucun verrou automatique
football-data.co.uk,E0,2019-20,ac,380,12,0,368,0.031578947368421054,0.0,5.0,16.0,0.05,OBSERVED,aucun verrou automatique
football-data.co.uk,E0,2020-21,hthg,380,193,0,187,0.5078947368421053,0.0,0.0,4.0,0.05,OBSERVED,aucun verrou automatique
football-data.co.uk,E0,2020-21,htag,380,211,0,169,0.5552631578947368,0.0,0.0,4.0,0.05,OBSERVED,aucun verrou automatique
football-data.co.uk,E0,2020-21,hy,380,88,0,292,0.23157894736842105,0.0,1.0,6.0,0.05,OBSERVED,aucun verrou automatique
football-data.co.uk,E0,2020-21,ay,380,89,0,291,0.23421052631578948,0.0,1.0,5.0,0.05,OBSERVED,aucun verrou automatique
football-data.co.uk,E0,2020-21,hr,380,361,0,19,0.95,0.0,0.0,1.0,0.05,OBSERVED,aucun verrou automatique
football-data.co.uk,E0,2020-21,ar,380,356,0,24,0.9368421052631579,0.0,0.0,2.0,0.05,OBSERVED,aucun verrou automatique
football-data.co.uk,E0,2020-21,hc,380,7,0,373,0.018421052631578946,0.0,5.0,16.0,0.05,OBSERVED,aucun verrou automatique
football-data.co.uk,E0,2020-21,ac,380,9,0,371,0.02368421052631579,0.0,4.0,13.0,0.05,OBSERVED,aucun verrou automatique
football-data.co.uk,E0,2021-22,hthg,380,195,0,185,0.5131578947368421,0.0,0.0,4.0,0.05,OBSERVED,aucun verrou automatique
football-data.co.uk,E0,2021-22,htag,380,220,0,160,0.5789473684210527,0.0,0.0,4.0,0.05,OBSERVED,aucun verrou automatique
football-data.co.uk,E0,2021-22,hy,380,74,0,306,0.19473684210526315,0.0,1.5,6.0,0.05,OBSERVED,aucun verrou automatique
football-data.co.uk,E0,2021-22,ay,380,61,0,319,0.16052631578947368,0.0,2.0,5.0,0.05,OBSERVED,aucun verrou automatique
football-data.co.uk,E0,2021-22,hr,380,362,0,18,0.9526315789473684,0.0,0.0,2.0,0.05,OBSERVED,aucun verrou automatique
football-data.co.uk,E0,2021-22,ar,380,356,0,24,0.9368421052631579,0.0,0.0,1.0,0.05,OBSERVED,aucun verrou automatique
football-data.co.uk,E0,2021-22,hc,380,4,0,376,0.010526315789473684,0.0,5.0,15.0,0.05,OBSERVED,aucun verrou automatique
football-data.co.uk,E0,2021-22,ac,380,12,0,368,0.031578947368421054,0.0,5.0,13.0,0.05,OBSERVED,aucun verrou automatique
football-data.co.uk,E0,2022-23,hthg,380,181,0,199,0.4763157894736842,0.0,1.0,5.0,0.05,OBSERVED,aucun verrou automatique
football-data.co.uk,E0,2022-23,htag,380,218,0,162,0.5736842105263158,0.0,0.0,3.0,0.05,OBSERVED,aucun verrou automatique
football-data.co.uk,E0,2022-23,hy,380,75,0,305,0.19736842105263158,0.0,2.0,6.0,0.05,OBSERVED,aucun verrou automatique
football-data.co.uk,E0,2022-23,ay,380,54,0,326,0.14210526315789473,0.0,2.0,7.0,0.05,OBSERVED,aucun verrou automatique
football-data.co.uk,E0,2022-23,hr,380,363,0,17,0.9552631578947368,0.0,0.0,2.0,0.05,OBSERVED,aucun verrou automatique
football-data.co.uk,E0,2022-23,ar,380,370,0,10,0.9736842105263158,0.0,0.0,1.0,0.05,OBSERVED,aucun verrou automatique
football-data.co.uk,E0,2022-23,hc,380,6,0,374,0.015789473684210527,0.0,5.0,17.0,0.05,OBSERVED,aucun verrou automatique
football-data.co.uk,E0,2022-23,ac,380,7,0,373,0.018421052631578946,0.0,4.0,19.0,0.05,OBSERVED,aucun verrou automatique
football-data.co.uk,E0,2023-24,hthg,380,179,0,201,0.4710526315789474,0.0,1.0,4.0,0.05,OBSERVED,aucun verrou automatique
football-data.co.uk,E0,2023-24,htag,380,207,0,173,0.5447368421052632,0.0,0.0,5.0,0.05,OBSERVED,aucun verrou automatique
football-data.co.uk,E0,2023-24,hy,380,56,0,324,0.14736842105263157,0.0,2.0,6.0,0.05,OBSERVED,aucun verrou automatique
football-data.co.uk,E0,2023-24,ay,380,38,0,342,0.1,0.0,2.0,7.0,0.05,OBSERVED,aucun verrou automatique
football-data.co.uk,E0,2023-24,hr,380,355,0,25,0.9342105263157895,0.0,0.0,2.0,0.05,OBSERVED,aucun verrou automatique
football-data.co.uk,E0,2023-24,ar,380,350,0,30,0.9210526315789473,0.0,0.0,2.0,0.05,OBSERVED,aucun verrou automatique
football-data.co.uk,E0,2023-24,hc,380,6,0,374,0.015789473684210527,0.0,6.0,17.0,0.05,OBSERVED,aucun verrou automatique
football-data.co.uk,E0,2023-24,ac,380,12,0,368,0.031578947368421054,0.0,4.0,15.0,0.05,OBSERVED,aucun verrou automatique
football-data.co.uk,E0,2024-25,hthg,380,178,0,202,0.46842105263157896,0.0,1.0,4.0,0.05,OBSERVED,aucun verrou automatique
football-data.co.uk,E0,2024-25,htag,380,210,0,170,0.5526315789473685,0.0,0.0,5.0,0.05,OBSERVED,aucun verrou automatique
football-data.co.uk,E0,2024-25,hy,380,57,0,323,0.15,0.0,2.0,7.0,0.05,OBSERVED,aucun verrou automatique
football-data.co.uk,E0,2024-25,ay,380,47,0,333,0.12368421052631579,0.0,2.0,8.0,0.05,OBSERVED,aucun verrou automatique
football-data.co.uk,E0,2024-25,hr,380,355,0,25,0.9342105263157895,0.0,0.0,2.0,0.05,OBSERVED,aucun verrou automatique
football-data.co.uk,E0,2024-25,ar,380,354,0,26,0.9315789473684211,0.0,0.0,1.0,0.05,OBSERVED,aucun verrou automatique
football-data.co.uk,E0,2024-25,hc,380,10,0,370,0.02631578947368421,0.0,5.0,17.0,0.05,OBSERVED,aucun verrou automatique
football-data.co.uk,E0,2024-25,ac,380,14,0,366,0.03684210526315789,0.0,4.0,18.0,0.05,OBSERVED,aucun verrou automatique
football-data.co.uk,E0,2025-26,hthg,380,185,0,195,0.4868421052631579,0.0,1.0,3.0,0.05,OBSERVED,aucun verrou automatique
football-data.co.uk,E0,2025-26,htag,380,237,0,143,0.6236842105263158,0.0,0.0,4.0,0.05,OBSERVED,aucun verrou automatique
football-data.co.uk,E0,2025-26,hy,380,71,0,309,0.1868421052631579,0.0,2.0,5.0,0.05,OBSERVED,aucun verrou automatique
football-data.co.uk,E0,2025-26,ay,380,43,0,337,0.11315789473684211,0.0,2.0,6.0,0.05,OBSERVED,aucun verrou automatique
football-data.co.uk,E0,2025-26,hr,380,363,0,17,0.9552631578947368,0.0,0.0,2.0,0.05,OBSERVED,aucun verrou automatique
football-data.co.uk,E0,2025-26,ar,380,360,0,20,0.9473684210526315,0.0,0.0,1.0,0.05,OBSERVED,aucun verrou automatique
football-data.co.uk,E0,2025-26,hc,380,4,0,376,0.010526315789473684,0.0,5.0,14.0,0.05,OBSERVED,aucun verrou automatique
football-data.co.uk,E0,2025-26,ac,380,7,0,373,0.018421052631578946,0.0,4.0,15.0,0.05,OBSERVED,aucun verrou automatique
football-data.co.uk,E1,2015-16,hthg,552,315,0,237,0.5706521739130435,0.0,0.0,4.0,0.05,OBSERVED,aucun verrou automatique
football-data.co.uk,E1,2015-16,htag,552,340,0,212,0.6159420289855072,0.0,0.0,4.0,0.05,OBSERVED,aucun verrou automatique
football-data.co.uk,E1,2015-16,hy,552,141,0,411,0.2554347826086957,0.0,1.0,6.0,0.05,OBSERVED,aucun verrou automatique
football-data.co.uk,E1,2015-16,ay,552,104,0,448,0.18840579710144928,0.0,2.0,6.0,0.05,OBSERVED,aucun verrou automatique
football-data.co.uk,E1,2015-16,hr,552,513,0,39,0.9293478260869565,0.0,0.0,2.0,0.05,OBSERVED,aucun verrou automatique
football-data.co.uk,E1,2015-16,ar,552,514,0,38,0.9311594202898551,0.0,0.0,1.0,0.05,OBSERVED,aucun verrou automatique
football-data.co.uk,E1,2015-16,hc,552,4,0,548,0.007246376811594203,0.0,6.0,15.0,0.05,OBSERVED,aucun verrou automatique
football-data.co.uk,E1,2015-16,ac,552,6,0,546,0.010869565217391304,0.0,4.0,13.0,0.05,OBSERVED,aucun verrou automatique
football-data.co.uk,E1,2016-17,hthg,552,293,0,259,0.5307971014492754,0.0,0.0,6.0,0.05,OBSERVED,aucun verrou automatique
football-data.co.uk,E1,2016-17,htag,552,344,0,208,0.6231884057971014,0.0,0.0,4.0,0.05,OBSERVED,aucun verrou automatique
football-data.co.uk,E1,2016-17,hy,552,99,0,453,0.1793478260869565,0.0,1.0,5.0,0.05,OBSERVED,aucun verrou automatique
football-data.co.uk,E1,2016-17,ay,552,76,0,476,0.13768115942028986,0.0,2.0,7.0,0.05,OBSERVED,aucun verrou automatique
football-data.co.uk,E1,2016-17,hr,552,520,0,32,0.9420289855072463,0.0,0.0,1.0,0.05,OBSERVED,aucun verrou automatique
football-data.co.uk,E1,2016-17,ar,552,496,0,56,0.8985507246376812,0.0,0.0,2.0,0.05,OBSERVED,aucun verrou automatique
football-data.co.uk,E1,2016-17,hc,552,7,0,545,0.012681159420289856,0.0,5.0,19.0,0.05,OBSERVED,aucun verrou automatique
football-data.co.uk,E1,2016-17,ac,552,11,0,541,0.019927536231884056,0.0,4.0,13.0,0.05,OBSERVED,aucun verrou automatique
football-data.co.uk,E1,2017-18,hthg,552,293,0,259,0.5307971014492754,0.0,0.0,4.0,0.05,OBSERVED,aucun verrou automatique
football-data.co.uk,E1,2017-18,htag,552,340,0,212,0.6159420289855072,0.0,0.0,3.0,0.05,OBSERVED,aucun verrou automatique
football-data.co.uk,E1,2017-18,hy,552,99,0,453,0.1793478260869565,0.0,1.0,6.0,0.05,OBSERVED,aucun verrou automatique
football-data.co.uk,E1,2017-18,ay,552,84,0,468,0.15217391304347827,0.0,2.0,6.0,0.05,OBSERVED,aucun verrou automatique
football-data.co.uk,E1,2017-18,hr,552,523,0,29,0.947463768115942,0.0,0.0,2.0,0.05,OBSERVED,aucun verrou automatique
football-data.co.uk,E1,2017-18,ar,552,501,0,51,0.907608695652174,0.0,0.0,2.0,0.05,OBSERVED,aucun verrou automatique
football-data.co.uk,E1,2017-18,hc,552,3,0,549,0.005434782608695652,0.0,5.0,15.0,0.05,OBSERVED,aucun verrou automatique
football-data.co.uk,E1,2017-18,ac,552,12,0,540,0.021739130434782608,0.0,4.0,16.0,0.05,OBSERVED,aucun verrou automatique
football-data.co.uk,E1,2018-19,hthg,552,282,0,270,0.5108695652173914,0.0,0.0,4.0,0.05,OBSERVED,aucun verrou automatique
football-data.co.uk,E1,2018-19,htag,552,341,0,211,0.6177536231884058,0.0,0.0,4.0,0.05,OBSERVED,aucun verrou automatique
football-data.co.uk,E1,2018-19,hy,552,123,0,429,0.22282608695652173,0.0,1.0,6.0,0.05,OBSERVED,aucun verrou automatique
football-data.co.uk,E1,2018-19,ay,552,75,0,477,0.1358695652173913,0.0,2.0,7.0,0.05,OBSERVED,aucun verrou automatique
football-data.co.uk,E1,2018-19,hr,552,526,0,26,0.9528985507246377,0.0,0.0,1.0,0.05,OBSERVED,aucun verrou automatique
football-data.co.uk,E1,2018-19,ar,552,507,0,45,0.9184782608695652,0.0,0.0,2.0,0.05,OBSERVED,aucun verrou automatique
football-data.co.uk,E1,2018-19,hc,552,5,0,547,0.009057971014492754,0.0,5.0,15.0,0.05,OBSERVED,aucun verrou automatique
football-data.co.uk,E1,2018-19,ac,552,7,0,545,0.012681159420289856,0.0,4.0,16.0,0.05,OBSERVED,aucun verrou automatique
football-data.co.uk,E1,2019-20,hthg,552,288,0,264,0.5217391304347826,0.0,0.0,7.0,0.05,OBSERVED,aucun verrou automatique
football-data.co.uk,E1,2019-20,htag,552,325,0,227,0.5887681159420289,0.0,0.0,4.0,0.05,OBSERVED,aucun verrou automatique
football-data.co.uk,E1,2019-20,hy,552,119,0,433,0.21557971014492755,0.0,1.0,6.0,0.05,OBSERVED,aucun verrou automatique
football-data.co.uk,E1,2019-20,ay,552,92,0,460,0.16666666666666666,0.0,2.0,8.0,0.05,OBSERVED,aucun verrou automatique
football-data.co.uk,E1,2019-20,hr,552,526,0,26,0.9528985507246377,0.0,0.0,1.0,0.05,OBSERVED,aucun verrou automatique
football-data.co.uk,E1,2019-20,ar,552,514,0,38,0.9311594202898551,0.0,0.0,2.0,0.05,OBSERVED,aucun verrou automatique
football-data.co.uk,E1,2019-20,hc,552,4,0,548,0.007246376811594203,0.0,6.0,15.0,0.05,OBSERVED,aucun verrou automatique
football-data.co.uk,E1,2019-20,ac,552,16,0,536,0.028985507246376812,0.0,4.0,14.0,0.05,OBSERVED,aucun verrou automatique
football-data.co.uk,E1,2020-21,hthg,552,307,0,245,0.5561594202898551,0.0,0.0,5.0,0.05,OBSERVED,aucun verrou automatique
football-data.co.uk,E1,2020-21,htag,552,353,0,199,0.6394927536231884,0.0,0.0,3.0,0.05,OBSERVED,aucun verrou automatique
football-data.co.uk,E1,2020-21,hy,552,124,0,428,0.2246376811594203,0.0,1.0,6.0,0.05,OBSERVED,aucun verrou automatique
football-data.co.uk,E1,2020-21,ay,552,132,0,420,0.2391304347826087,0.0,1.0,6.0,0.05,OBSERVED,aucun verrou automatique
football-data.co.uk,E1,2020-21,hr,552,518,0,34,0.9384057971014492,0.0,0.0,1.0,0.05,OBSERVED,aucun verrou automatique
football-data.co.uk,E1,2020-21,ar,552,516,0,36,0.9347826086956522,0.0,0.0,2.0,0.05,OBSERVED,aucun verrou automatique
football-data.co.uk,E1,2020-21,hc,552,12,0,540,0.021739130434782608,0.0,5.0,16.0,0.05,OBSERVED,aucun verrou automatique
football-data.co.uk,E1,2020-21,ac,552,14,0,538,0.025362318840579712,0.0,4.0,13.0,0.05,OBSERVED,aucun verrou automatique
football-data.co.uk,E1,2021-22,hthg,552,317,0,235,0.5742753623188406,0.0,0.0,5.0,0.05,OBSERVED,aucun verrou automatique
football-data.co.uk,E1,2021-22,htag,552,361,0,191,0.6539855072463768,0.0,0.0,3.0,0.05,OBSERVED,aucun verrou automatique
football-data.co.uk,E1,2021-22,hy,552,114,0,438,0.20652173913043478,0.0,2.0,8.0,0.05,OBSERVED,aucun verrou automatique
football-data.co.uk,E1,2021-22,ay,552,76,0,476,0.13768115942028986,0.0,2.0,7.0,0.05,OBSERVED,aucun verrou automatique
football-data.co.uk,E1,2021-22,hr,552,520,0,32,0.9420289855072463,0.0,0.0,2.0,0.05,OBSERVED,aucun verrou automatique
football-data.co.uk,E1,2021-22,ar,552,516,0,36,0.9347826086956522,0.0,0.0,1.0,0.05,OBSERVED,aucun verrou automatique
football-data.co.uk,E1,2021-22,hc,552,14,0,538,0.025362318840579712,0.0,5.0,17.0,0.05,OBSERVED,aucun verrou automatique
football-data.co.uk,E1,2021-22,ac,552,12,0,540,0.021739130434782608,0.0,4.0,15.0,0.05,OBSERVED,aucun verrou automatique
football-data.co.uk,E1,2022-23,hthg,552,287,0,265,0.519927536231884,0.0,0.0,4.0,0.05,OBSERVED,aucun verrou automatique
football-data.co.uk,E1,2022-23,htag,552,335,0,217,0.6068840579710145,0.0,0.0,3.0,0.05,OBSERVED,aucun verrou automatique
football-data.co.uk,E1,2022-23,hy,552,81,0,471,0.14673913043478262,0.0,2.0,6.0,0.05,OBSERVED,aucun verrou automatique
football-data.co.uk,E1,2022-23,ay,552,59,0,493,0.1068840579710145,0.0,2.0,7.0,0.05,OBSERVED,aucun verrou automatique
football-data.co.uk,E1,2022-23,hr,552,526,0,26,0.9528985507246377,0.0,0.0,1.0,0.05,OBSERVED,aucun verrou automatique
football-data.co.uk,E1,2022-23,ar,552,515,0,37,0.9329710144927537,0.0,0.0,3.0,0.05,OBSERVED,aucun verrou automatique
football-data.co.uk,E1,2022-23,hc,552,4,0,548,0.007246376811594203,0.0,5.0,16.0,0.05,OBSERVED,aucun verrou automatique
football-data.co.uk,E1,2022-23,ac,552,12,0,540,0.021739130434782608,0.0,4.0,13.0,0.05,OBSERVED,aucun verrou automatique
football-data.co.uk,E1,2023-24,hthg,552,290,0,262,0.5253623188405797,0.0,0.0,4.0,0.05,OBSERVED,aucun verrou automatique
football-data.co.uk,E1,2023-24,htag,552,315,0,237,0.5706521739130435,0.0,0.0,3.0,0.05,OBSERVED,aucun verrou automatique
football-data.co.uk,E1,2023-24,hy,552,78,0,474,0.14130434782608695,0.0,2.0,7.0,0.05,OBSERVED,aucun verrou automatique
football-data.co.uk,E1,2023-24,ay,552,48,0,504,0.08695652173913043,0.0,2.0,7.0,0.05,OBSERVED,aucun verrou automatique
football-data.co.uk,E1,2023-24,hr,552,530,0,22,0.9601449275362319,0.0,0.0,1.0,0.05,OBSERVED,aucun verrou automatique
football-data.co.uk,E1,2023-24,ar,552,517,0,35,0.9365942028985508,0.0,0.0,1.0,0.05,OBSERVED,aucun verrou automatique
football-data.co.uk,E1,2023-24,hc,552,8,0,544,0.014492753623188406,0.0,6.0,19.0,0.05,OBSERVED,aucun verrou automatique
football-data.co.uk,E1,2023-24,ac,552,23,0,529,0.041666666666666664,0.0,4.0,16.0,0.05,OBSERVED,aucun verrou automatique
football-data.co.uk,E1,2024-25,hthg,552,288,0,264,0.5217391304347826,0.0,0.0,5.0,0.05,OBSERVED,aucun verrou automatique
football-data.co.uk,E1,2024-25,htag,552,351,0,201,0.6358695652173914,0.0,0.0,5.0,0.05,OBSERVED,aucun verrou automatique
football-data.co.uk,E1,2024-25,hy,552,105,0,447,0.19021739130434784,0.0,2.0,6.0,0.05,OBSERVED,aucun verrou automatique
football-data.co.uk,E1,2024-25,ay,552,59,0,493,0.1068840579710145,0.0,2.0,7.0,0.05,OBSERVED,aucun verrou automatique
football-data.co.uk,E1,2024-25,hr,552,527,0,25,0.9547101449275363,0.0,0.0,2.0,0.05,OBSERVED,aucun verrou automatique
football-data.co.uk,E1,2024-25,ar,552,517,0,35,0.9365942028985508,0.0,0.0,2.0,0.05,OBSERVED,aucun verrou automatique
football-data.co.uk,E1,2024-25,hc,552,4,0,548,0.007246376811594203,0.0,5.0,18.0,0.05,OBSERVED,aucun verrou automatique
football-data.co.uk,E1,2024-25,ac,552,12,0,540,0.021739130434782608,0.0,4.0,15.0,0.05,OBSERVED,aucun verrou automatique
football-data.co.uk,E1,2025-26,hthg,552,280,0,272,0.5072463768115942,0.0,0.0,5.0,0.05,OBSERVED,aucun verrou automatique
football-data.co.uk,E1,2025-26,htag,552,331,0,221,0.5996376811594203,0.0,0.0,5.0,0.05,OBSERVED,aucun verrou automatique
football-data.co.uk,E1,2025-26,hy,552,105,0,447,0.19021739130434784,0.0,2.0,7.0,0.05,OBSERVED,aucun verrou automatique
football-data.co.uk,E1,2025-26,ay,552,65,0,487,0.11775362318840579,0.0,2.0,7.0,0.05,OBSERVED,aucun verrou automatique
football-data.co.uk,E1,2025-26,hr,552,527,0,25,0.9547101449275363,0.0,0.0,1.0,0.05,OBSERVED,aucun verrou automatique
football-data.co.uk,E1,2025-26,ar,552,523,0,29,0.947463768115942,0.0,0.0,2.0,0.05,OBSERVED,aucun verrou automatique
football-data.co.uk,E1,2025-26,hc,552,5,0,547,0.009057971014492754,0.0,5.0,17.0,0.05,OBSERVED,aucun verrou automatique
football-data.co.uk,E1,2025-26,ac,552,9,0,543,0.016304347826086956,0.0,4.0,15.0,0.05,OBSERVED,aucun verrou automatique
football-data.co.uk,F1,2015-16,hthg,380,215,0,165,0.5657894736842105,0.0,0.0,4.0,0.05,OBSERVED,aucun verrou automatique
football-data.co.uk,F1,2015-16,htag,380,241,0,139,0.6342105263157894,0.0,0.0,3.0,0.05,OBSERVED,aucun verrou automatique
football-data.co.uk,F1,2015-16,hy,380,47,0,333,0.12368421052631579,0.0,2.0,5.0,0.05,OBSERVED,aucun verrou automatique
football-data.co.uk,F1,2015-16,ay,380,35,0,345,0.09210526315789473,0.0,2.0,6.0,0.05,OBSERVED,aucun verrou automatique
football-data.co.uk,F1,2015-16,hr,380,322,0,58,0.8473684210526315,0.0,0.0,2.0,0.05,OBSERVED,aucun verrou automatique
football-data.co.uk,F1,2015-16,ar,380,329,0,51,0.8657894736842106,0.0,0.0,2.0,0.05,OBSERVED,aucun verrou automatique
football-data.co.uk,F1,2015-16,hc,380,3,0,377,0.007894736842105263,0.0,5.0,14.0,0.05,OBSERVED,aucun verrou automatique
football-data.co.uk,F1,2015-16,ac,380,14,0,366,0.03684210526315789,0.0,4.0,18.0,0.05,OBSERVED,aucun verrou automatique
football-data.co.uk,F1,2016-17,hthg,380,210,0,170,0.5526315789473685,0.0,0.0,3.0,0.05,OBSERVED,aucun verrou automatique
football-data.co.uk,F1,2016-17,htag,380,241,0,139,0.6342105263157894,0.0,0.0,4.0,0.05,OBSERVED,aucun verrou automatique
football-data.co.uk,F1,2016-17,hy,380,64,0,316,0.16842105263157894,0.0,1.0,5.0,0.05,OBSERVED,aucun verrou automatique
football-data.co.uk,F1,2016-17,ay,380,47,0,333,0.12368421052631579,0.0,2.0,6.0,0.05,OBSERVED,aucun verrou automatique
football-data.co.uk,F1,2016-17,hr,380,355,0,25,0.9342105263157895,0.0,0.0,2.0,0.05,OBSERVED,aucun verrou automatique
football-data.co.uk,F1,2016-17,ar,380,316,0,64,0.8315789473684211,0.0,0.0,2.0,0.05,OBSERVED,aucun verrou automatique
football-data.co.uk,F1,2016-17,hc,380,3,0,377,0.007894736842105263,0.0,5.0,15.0,0.05,OBSERVED,aucun verrou automatique
football-data.co.uk,F1,2016-17,ac,380,12,0,368,0.031578947368421054,0.0,4.0,15.0,0.05,OBSERVED,aucun verrou automatique
football-data.co.uk,F1,2017-18,hthg,380,175,0,205,0.4605263157894737,0.0,1.0,5.0,0.05,OBSERVED,aucun verrou automatique
football-data.co.uk,F1,2017-18,htag,380,226,0,154,0.5947368421052631,0.0,0.0,4.0,0.05,OBSERVED,aucun verrou automatique
football-data.co.uk,F1,2017-18,hy,380,57,0,323,0.15,0.0,2.0,6.0,0.05,OBSERVED,aucun verrou automatique
football-data.co.uk,F1,2017-18,ay,380,44,0,336,0.11578947368421053,0.0,2.0,6.0,0.05,OBSERVED,aucun verrou automatique
football-data.co.uk,F1,2017-18,hr,380,338,0,42,0.8894736842105263,0.0,0.0,1.0,0.05,OBSERVED,aucun verrou automatique
football-data.co.uk,F1,2017-18,ar,380,334,0,46,0.8789473684210526,0.0,0.0,1.0,0.05,OBSERVED,aucun verrou automatique
football-data.co.uk,F1,2017-18,hc,380,5,0,375,0.013157894736842105,0.0,5.0,18.0,0.05,OBSERVED,aucun verrou automatique
football-data.co.uk,F1,2017-18,ac,380,9,0,371,0.02368421052631579,0.0,4.0,13.0,0.05,OBSERVED,aucun verrou automatique
football-data.co.uk,F1,2018-19,hthg,380,202,0,178,0.531578947368421,0.0,0.0,3.0,0.05,OBSERVED,aucun verrou automatique
football-data.co.uk,F1,2018-19,htag,380,247,0,133,0.65,0.0,0.0,3.0,0.05,OBSERVED,aucun verrou automatique
football-data.co.uk,F1,2018-19,hy,380,62,0,318,0.1631578947368421,0.0,2.0,6.0,0.05,OBSERVED,aucun verrou automatique
football-data.co.uk,F1,2018-19,ay,380,45,0,335,0.11842105263157894,0.0,2.0,6.0,0.05,OBSERVED,aucun verrou automatique
football-data.co.uk,F1,2018-19,hr,380,339,0,41,0.8921052631578947,0.0,0.0,2.0,0.05,OBSERVED,aucun verrou automatique
football-data.co.uk,F1,2018-19,ar,380,325,0,55,0.8552631578947368,0.0,0.0,1.0,0.05,OBSERVED,aucun verrou automatique
football-data.co.uk,F1,2018-19,hc,380,5,0,375,0.013157894736842105,0.0,5.0,18.0,0.05,OBSERVED,aucun verrou automatique
football-data.co.uk,F1,2018-19,ac,380,14,0,366,0.03684210526315789,0.0,4.0,14.0,0.05,OBSERVED,aucun verrou automatique
football-data.co.uk,F1,2019-20,hthg,279,134,0,145,0.48028673835125446,0.0,1.0,4.0,0.05,OBSERVED,aucun verrou automatique
football-data.co.uk,F1,2019-20,htag,279,176,0,103,0.6308243727598566,0.0,0.0,2.0,0.05,OBSERVED,aucun verrou automatique
football-data.co.uk,F1,2019-20,hy,279,38,0,241,0.13620071684587814,0.0,2.0,5.0,0.05,OBSERVED,aucun verrou automatique
football-data.co.uk,F1,2019-20,ay,279,33,0,246,0.11827956989247312,0.0,2.0,6.0,0.05,OBSERVED,aucun verrou automatique
football-data.co.uk,F1,2019-20,hr,279,249,0,30,0.8924731182795699,0.0,0.0,2.0,0.05,OBSERVED,aucun verrou automatique
football-data.co.uk,F1,2019-20,ar,279,246,0,33,0.8817204301075269,0.0,0.0,2.0,0.05,OBSERVED,aucun verrou automatique
football-data.co.uk,F1,2019-20,hc,279,5,0,274,0.017921146953405017,0.0,5.0,15.0,0.05,OBSERVED,aucun verrou automatique
football-data.co.uk,F1,2019-20,ac,279,8,0,271,0.02867383512544803,0.0,4.0,13.0,0.05,OBSERVED,aucun verrou automatique
football-data.co.uk,F1,2020-21,hthg,380,200,0,180,0.5263157894736842,0.0,0.0,4.0,0.05,OBSERVED,aucun verrou automatique
football-data.co.uk,F1,2020-21,htag,380,202,0,178,0.531578947368421,0.0,0.0,3.0,0.05,OBSERVED,aucun verrou automatique
football-data.co.uk,F1,2020-21,hy,380,51,0,329,0.13421052631578947,0.0,2.0,6.0,0.05,OBSERVED,aucun verrou automatique
football-data.co.uk,F1,2020-21,ay,380,49,0,331,0.12894736842105264,0.0,2.0,8.0,0.05,OBSERVED,aucun verrou automatique
football-data.co.uk,F1,2020-21,hr,380,342,0,38,0.9,0.0,0.0,3.0,0.05,OBSERVED,aucun verrou automatique
football-data.co.uk,F1,2020-21,ar,380,330,0,50,0.868421052631579,0.0,0.0,2.0,0.05,OBSERVED,aucun verrou automatique
football-data.co.uk,F1,2020-21,hc,380,6,0,374,0.015789473684210527,0.0,5.0,19.0,0.05,OBSERVED,aucun verrou automatique
football-data.co.uk,F1,2020-21,ac,380,8,0,372,0.021052631578947368,0.0,4.0,13.0,0.05,OBSERVED,aucun verrou automatique
football-data.co.uk,F1,2021-22,hthg,380,193,0,187,0.5078947368421053,0.0,0.0,3.0,0.05,OBSERVED,aucun verrou automatique
football-data.co.uk,F1,2021-22,htag,380,209,0,171,0.55,0.0,0.0,3.0,0.05,OBSERVED,aucun verrou automatique
football-data.co.uk,F1,2021-22,hy,380,39,0,341,0.10263157894736842,0.0,2.0,6.0,0.05,OBSERVED,aucun verrou automatique
football-data.co.uk,F1,2021-22,ay,380,32,0,348,0.08421052631578947,0.0,2.0,7.0,0.05,OBSERVED,aucun verrou automatique
football-data.co.uk,F1,2021-22,hr,380,337,0,43,0.8868421052631579,0.0,0.0,2.0,0.05,OBSERVED,aucun verrou automatique
football-data.co.uk,F1,2021-22,ar,380,322,0,58,0.8473684210526315,0.0,0.0,2.0,0.05,OBSERVED,aucun verrou automatique
football-data.co.uk,F1,2021-22,hc,380,4,0,376,0.010526315789473684,0.0,5.0,15.0,0.05,OBSERVED,aucun verrou automatique
football-data.co.uk,F1,2021-22,ac,380,7,0,373,0.018421052631578946,0.0,4.0,13.0,0.05,OBSERVED,aucun verrou automatique
football-data.co.uk,F1,2022-23,hthg,380,194,0,186,0.5105263157894737,0.0,0.0,5.0,0.05,OBSERVED,aucun verrou automatique
football-data.co.uk,F1,2022-23,htag,380,208,0,172,0.5473684210526316,0.0,0.0,5.0,0.05,OBSERVED,aucun verrou automatique
football-data.co.uk,F1,2022-23,hy,380,87,0,293,0.22894736842105262,0.0,1.0,5.0,0.05,OBSERVED,aucun verrou automatique
football-data.co.uk,F1,2022-23,ay,380,53,0,327,0.1394736842105263,0.0,2.0,6.0,0.05,OBSERVED,aucun verrou automatique
football-data.co.uk,F1,2022-23,hr,380,327,0,53,0.8605263157894737,0.0,0.0,2.0,0.05,OBSERVED,aucun verrou automatique
football-data.co.uk,F1,2022-23,ar,380,342,0,38,0.9,0.0,0.0,2.0,0.05,OBSERVED,aucun verrou automatique
football-data.co.uk,F1,2022-23,hc,380,5,0,375,0.013157894736842105,0.0,5.0,15.0,0.05,OBSERVED,aucun verrou automatique
football-data.co.uk,F1,2022-23,ac,380,18,0,362,0.04736842105263158,0.0,4.0,14.0,0.05,OBSERVED,aucun verrou automatique
football-data.co.uk,F1,2023-24,hthg,306,157,0,149,0.5130718954248366,0.0,0.0,4.0,0.05,OBSERVED,aucun verrou automatique
football-data.co.uk,F1,2023-24,htag,306,181,0,125,0.5915032679738562,0.0,0.0,4.0,0.05,OBSERVED,aucun verrou automatique
football-data.co.uk,F1,2023-24,hy,306,47,0,259,0.15359477124183007,0.0,2.0,6.0,0.05,OBSERVED,aucun verrou automatique
football-data.co.uk,F1,2023-24,ay,306,37,0,269,0.12091503267973856,0.0,2.0,6.0,0.05,OBSERVED,aucun verrou automatique
football-data.co.uk,F1,2023-24,hr,306,273,0,33,0.8921568627450981,0.0,0.0,2.0,0.05,OBSERVED,aucun verrou automatique
football-data.co.uk,F1,2023-24,ar,306,273,0,33,0.8921568627450981,0.0,0.0,2.0,0.05,OBSERVED,aucun verrou automatique
football-data.co.uk,F1,2023-24,hc,306,4,0,302,0.013071895424836602,0.0,5.0,17.0,0.05,OBSERVED,aucun verrou automatique
football-data.co.uk,F1,2023-24,ac,306,11,0,295,0.03594771241830065,0.0,4.0,16.0,0.05,OBSERVED,aucun verrou automatique
football-data.co.uk,F1,2024-25,hthg,306,147,0,159,0.4803921568627451,0.0,1.0,6.0,0.05,OBSERVED,aucun verrou automatique
football-data.co.uk,F1,2024-25,htag,306,167,0,139,0.545751633986928,0.0,0.0,4.0,0.05,OBSERVED,aucun verrou automatique
football-data.co.uk,F1,2024-25,hy,306,36,0,270,0.11764705882352941,0.0,2.0,6.0,0.05,OBSERVED,aucun verrou automatique
football-data.co.uk,F1,2024-25,ay,306,45,0,261,0.14705882352941177,0.0,2.0,5.0,0.05,OBSERVED,aucun verrou automatique
football-data.co.uk,F1,2024-25,hr,306,275,0,31,0.8986928104575164,0.0,0.0,2.0,0.05,OBSERVED,aucun verrou automatique
football-data.co.uk,F1,2024-25,ar,306,274,0,32,0.8954248366013072,0.0,0.0,2.0,0.05,OBSERVED,aucun verrou automatique
football-data.co.uk,F1,2024-25,hc,306,8,0,298,0.026143790849673203,0.0,5.0,17.0,0.05,OBSERVED,aucun verrou automatique
football-data.co.uk,F1,2024-25,ac,306,7,0,299,0.02287581699346405,0.0,4.0,16.0,0.05,OBSERVED,aucun verrou automatique
football-data.co.uk,F1,2025-26,hthg,306,159,0,147,0.5196078431372549,0.0,0.0,3.0,0.05,OBSERVED,aucun verrou automatique
football-data.co.uk,F1,2025-26,htag,306,179,0,127,0.5849673202614379,0.0,0.0,4.0,0.05,OBSERVED,aucun verrou automatique
football-data.co.uk,F1,2025-26,hy,306,47,0,259,0.15359477124183007,0.0,2.0,6.0,0.05,OBSERVED,aucun verrou automatique
football-data.co.uk,F1,2025-26,ay,306,33,0,273,0.10784313725490197,0.0,2.0,7.0,0.05,OBSERVED,aucun verrou automatique
football-data.co.uk,F1,2025-26,hr,306,273,0,33,0.8921568627450981,0.0,0.0,2.0,0.05,OBSERVED,aucun verrou automatique
football-data.co.uk,F1,2025-26,ar,306,266,0,40,0.869281045751634,0.0,0.0,2.0,0.05,OBSERVED,aucun verrou automatique
football-data.co.uk,F1,2025-26,hc,306,5,0,301,0.016339869281045753,0.0,5.0,20.0,0.05,OBSERVED,aucun verrou automatique
football-data.co.uk,F1,2025-26,ac,306,8,0,298,0.026143790849673203,0.0,4.0,16.0,0.05,OBSERVED,aucun verrou automatique
football-data.co.uk,F2,2015-16,hthg,380,216,0,164,0.5684210526315789,0.0,0.0,4.0,0.05,OBSERVED,aucun verrou automatique
football-data.co.uk,F2,2015-16,htag,380,245,0,135,0.6447368421052632,0.0,0.0,3.0,0.05,OBSERVED,aucun verrou automatique
football-data.co.uk,F2,2015-16,hy,380,380,0,0,1.0,0.0,0.0,0.0,0.99,SUSPECT_ZERO,exclure des features et modèles concernés
football-data.co.uk,F2,2015-16,ay,380,380,0,0,1.0,0.0,0.0,0.0,0.99,SUSPECT_ZERO,exclure des features et modèles concernés
football-data.co.uk,F2,2015-16,hr,380,380,0,0,1.0,0.0,0.0,0.0,0.75,OBSERVED,aucun verrou automatique
football-data.co.uk,F2,2015-16,ar,380,380,0,0,1.0,0.0,0.0,0.0,0.75,OBSERVED,aucun verrou automatique
football-data.co.uk,F2,2015-16,hc,380,380,0,0,1.0,0.0,0.0,0.0,0.99,SUSPECT_ZERO,exclure des features et modèles concernés
football-data.co.uk,F2,2015-16,ac,380,380,0,0,1.0,0.0,0.0,0.0,0.99,SUSPECT_ZERO,exclure des features et modèles concernés
football-data.co.uk,F2,2016-17,hthg,380,207,0,173,0.5447368421052632,0.0,0.0,4.0,0.05,OBSERVED,aucun verrou automatique
football-data.co.uk,F2,2016-17,htag,380,242,0,138,0.6368421052631579,0.0,0.0,5.0,0.05,OBSERVED,aucun verrou automatique
football-data.co.uk,F2,2016-17,hy,380,380,0,0,1.0,0.0,0.0,0.0,0.99,SUSPECT_ZERO,exclure des features et modèles concernés
football-data.co.uk,F2,2016-17,ay,380,380,0,0,1.0,0.0,0.0,0.0,0.99,SUSPECT_ZERO,exclure des features et modèles concernés
football-data.co.uk,F2,2016-17,hr,380,380,0,0,1.0,0.0,0.0,0.0,0.75,OBSERVED,aucun verrou automatique
football-data.co.uk,F2,2016-17,ar,380,380,0,0,1.0,0.0,0.0,0.0,0.75,OBSERVED,aucun verrou automatique
football-data.co.uk,F2,2016-17,hc,380,380,0,0,1.0,0.0,0.0,0.0,0.99,SUSPECT_ZERO,exclure des features et modèles concernés
football-data.co.uk,F2,2016-17,ac,380,380,0,0,1.0,0.0,0.0,0.0,0.99,SUSPECT_ZERO,exclure des features et modèles concernés
football-data.co.uk,F2,2017-18,hthg,380,178,0,202,0.46842105263157896,0.0,1.0,3.0,0.05,OBSERVED,aucun verrou automatique
football-data.co.uk,F2,2017-18,htag,380,235,0,145,0.618421052631579,0.0,0.0,5.0,0.05,OBSERVED,aucun verrou automatique
football-data.co.uk,F2,2017-18,hy,380,59,0,321,0.15526315789473685,0.0,2.0,6.0,0.05,OBSERVED,aucun verrou automatique
football-data.co.uk,F2,2017-18,ay,380,40,0,340,0.10526315789473684,0.0,2.0,6.0,0.05,OBSERVED,aucun verrou automatique
football-data.co.uk,F2,2017-18,hr,380,345,0,35,0.9078947368421053,0.0,0.0,2.0,0.05,OBSERVED,aucun verrou automatique
football-data.co.uk,F2,2017-18,ar,380,336,0,44,0.8842105263157894,0.0,0.0,2.0,0.05,OBSERVED,aucun verrou automatique
football-data.co.uk,F2,2017-18,hc,380,5,0,375,0.013157894736842105,0.0,5.0,16.0,0.05,OBSERVED,aucun verrou automatique
football-data.co.uk,F2,2017-18,ac,380,12,0,368,0.031578947368421054,0.0,4.0,13.0,0.05,OBSERVED,aucun verrou automatique
football-data.co.uk,F2,2018-19,hthg,380,221,0,159,0.5815789473684211,0.0,0.0,4.0,0.05,OBSERVED,aucun verrou automatique
football-data.co.uk,F2,2018-19,htag,380,241,0,139,0.6342105263157894,0.0,0.0,3.0,0.05,OBSERVED,aucun verrou automatique
football-data.co.uk,F2,2018-19,hy,380,65,0,315,0.17105263157894737,0.0,2.0,7.0,0.05,OBSERVED,aucun verrou automatique
football-data.co.uk,F2,2018-19,ay,380,42,0,338,0.11052631578947368,0.0,2.0,6.0,0.05,OBSERVED,aucun verrou automatique
football-data.co.uk,F2,2018-19,hr,380,339,0,41,0.8921052631578947,0.0,0.0,2.0,0.05,OBSERVED,aucun verrou automatique
football-data.co.uk,F2,2018-19,ar,380,324,0,56,0.8526315789473684,0.0,0.0,2.0,0.05,OBSERVED,aucun verrou automatique
football-data.co.uk,F2,2018-19,hc,380,6,0,374,0.015789473684210527,0.0,5.0,15.0,0.05,OBSERVED,aucun verrou automatique
football-data.co.uk,F2,2018-19,ac,380,8,0,372,0.021052631578947368,0.0,4.0,13.0,0.05,OBSERVED,aucun verrou automatique
football-data.co.uk,F2,2019-20,hthg,280,166,0,114,0.5928571428571429,0.0,0.0,4.0,0.05,OBSERVED,aucun verrou automatique
football-data.co.uk,F2,2019-20,htag,280,180,0,100,0.6428571428571429,0.0,0.0,3.0,0.05,OBSERVED,aucun verrou automatique
football-data.co.uk,F2,2019-20,hy,280,23,0,257,0.08214285714285714,0.0,2.0,5.0,0.05,OBSERVED,aucun verrou automatique
football-data.co.uk,F2,2019-20,ay,280,21,0,259,0.075,0.0,2.0,6.0,0.05,OBSERVED,aucun verrou automatique
football-data.co.uk,F2,2019-20,hr,280,243,0,37,0.8678571428571429,0.0,0.0,3.0,0.05,OBSERVED,aucun verrou automatique
football-data.co.uk,F2,2019-20,ar,280,240,0,40,0.8571428571428571,0.0,0.0,2.0,0.05,OBSERVED,aucun verrou automatique
football-data.co.uk,F2,2019-20,hc,280,2,0,278,0.007142857142857143,0.0,5.0,17.0,0.05,OBSERVED,aucun verrou automatique
football-data.co.uk,F2,2019-20,ac,280,6,0,274,0.02142857142857143,0.0,4.0,11.0,0.05,OBSERVED,aucun verrou automatique
football-data.co.uk,F2,2020-21,hthg,380,211,0,169,0.5552631578947368,0.0,0.0,4.0,0.05,OBSERVED,aucun verrou automatique
football-data.co.uk,F2,2020-21,htag,380,251,0,129,0.6605263157894737,0.0,0.0,4.0,0.05,OBSERVED,aucun verrou automatique
football-data.co.uk,F2,2020-21,hy,380,48,0,332,0.12631578947368421,0.0,2.0,6.0,0.05,OBSERVED,aucun verrou automatique
football-data.co.uk,F2,2020-21,ay,380,46,0,334,0.12105263157894737,0.0,2.0,7.0,0.05,OBSERVED,aucun verrou automatique
football-data.co.uk,F2,2020-21,hr,380,332,0,48,0.8736842105263158,0.0,0.0,1.0,0.05,OBSERVED,aucun verrou automatique
football-data.co.uk,F2,2020-21,ar,380,316,0,64,0.8315789473684211,0.0,0.0,2.0,0.05,OBSERVED,aucun verrou automatique
football-data.co.uk,F2,2020-21,hc,380,11,0,369,0.02894736842105263,0.0,4.0,12.0,0.05,OBSERVED,aucun verrou automatique
football-data.co.uk,F2,2020-21,ac,380,16,0,364,0.042105263157894736,0.0,4.0,13.0,0.05,OBSERVED,aucun verrou automatique
football-data.co.uk,F2,2021-22,hthg,380,218,0,162,0.5736842105263158,0.0,0.0,5.0,0.05,OBSERVED,aucun verrou automatique
football-data.co.uk,F2,2021-22,htag,380,246,0,134,0.6473684210526316,0.0,0.0,3.0,0.05,OBSERVED,aucun verrou automatique
football-data.co.uk,F2,2021-22,hy,380,68,0,312,0.17894736842105263,0.0,2.0,9.0,0.05,OBSERVED,aucun verrou automatique
football-data.co.uk,F2,2021-22,ay,380,42,0,338,0.11052631578947368,0.0,2.0,6.0,0.05,OBSERVED,aucun verrou automatique
football-data.co.uk,F2,2021-22,hr,380,348,0,32,0.9157894736842105,0.0,0.0,2.0,0.05,OBSERVED,aucun verrou automatique
football-data.co.uk,F2,2021-22,ar,380,327,0,53,0.8605263157894737,0.0,0.0,2.0,0.05,OBSERVED,aucun verrou automatique
football-data.co.uk,F2,2021-22,hc,380,9,0,371,0.02368421052631579,0.0,5.0,16.0,0.05,OBSERVED,aucun verrou automatique
football-data.co.uk,F2,2021-22,ac,380,15,0,365,0.039473684210526314,0.0,3.5,12.0,0.05,OBSERVED,aucun verrou automatique
football-data.co.uk,F2,2022-23,hthg,380,215,0,165,0.5657894736842105,0.0,0.0,4.0,0.05,OBSERVED,aucun verrou automatique
football-data.co.uk,F2,2022-23,htag,380,240,0,140,0.631578947368421,0.0,0.0,4.0,0.05,OBSERVED,aucun verrou automatique
football-data.co.uk,F2,2022-23,hy,380,63,0,317,0.16578947368421051,0.0,2.0,6.0,0.05,OBSERVED,aucun verrou automatique
football-data.co.uk,F2,2022-23,ay,380,38,0,342,0.1,0.0,2.0,8.0,0.05,OBSERVED,aucun verrou automatique
football-data.co.uk,F2,2022-23,hr,380,345,0,35,0.9078947368421053,0.0,0.0,3.0,0.05,OBSERVED,aucun verrou automatique
football-data.co.uk,F2,2022-23,ar,380,333,0,47,0.8763157894736842,0.0,0.0,2.0,0.05,OBSERVED,aucun verrou automatique
football-data.co.uk,F2,2022-23,hc,380,9,0,371,0.02368421052631579,0.0,4.0,13.0,0.05,OBSERVED,aucun verrou automatique
football-data.co.uk,F2,2022-23,ac,380,10,0,370,0.02631578947368421,0.0,4.0,13.0,0.05,OBSERVED,aucun verrou automatique
football-data.co.uk,F2,2023-24,hthg,379,208,0,171,0.5488126649076517,0.0,0.0,3.0,0.05,OBSERVED,aucun verrou automatique
football-data.co.uk,F2,2023-24,htag,379,225,0,154,0.5936675461741425,0.0,0.0,3.0,0.05,OBSERVED,aucun verrou automatique
football-data.co.uk,F2,2023-24,hy,379,57,0,322,0.1503957783641161,0.0,2.0,7.0,0.05,OBSERVED,aucun verrou automatique
football-data.co.uk,F2,2023-24,ay,379,46,0,333,0.12137203166226913,0.0,2.0,5.0,0.05,OBSERVED,aucun verrou automatique
football-data.co.uk,F2,2023-24,hr,379,346,0,33,0.9129287598944591,0.0,0.0,2.0,0.05,OBSERVED,aucun verrou automatique
football-data.co.uk,F2,2023-24,ar,379,339,0,40,0.8944591029023746,0.0,0.0,1.0,0.05,OBSERVED,aucun verrou automatique
football-data.co.uk,F2,2023-24,hc,379,4,0,375,0.010554089709762533,0.0,5.0,15.0,0.05,OBSERVED,aucun verrou automatique
football-data.co.uk,F2,2023-24,ac,379,12,0,367,0.0316622691292876,0.0,4.0,14.0,0.05,OBSERVED,aucun verrou automatique
football-data.co.uk,F2,2024-25,hthg,306,159,0,147,0.5196078431372549,0.0,0.0,3.0,0.05,OBSERVED,aucun verrou automatique
football-data.co.uk,F2,2024-25,htag,306,184,0,122,0.6013071895424836,0.0,0.0,3.0,0.05,OBSERVED,aucun verrou automatique
football-data.co.uk,F2,2024-25,hy,306,52,0,254,0.16993464052287582,0.0,2.0,7.0,0.05,OBSERVED,aucun verrou automatique
football-data.co.uk,F2,2024-25,ay,306,37,0,269,0.12091503267973856,0.0,2.0,7.0,0.05,OBSERVED,aucun verrou automatique
football-data.co.uk,F2,2024-25,hr,306,275,0,31,0.8986928104575164,0.0,0.0,2.0,0.05,OBSERVED,aucun verrou automatique
football-data.co.uk,F2,2024-25,ar,306,274,0,32,0.8954248366013072,0.0,0.0,2.0,0.05,OBSERVED,aucun verrou automatique
football-data.co.uk,F2,2024-25,hc,306,11,0,295,0.03594771241830065,0.0,5.0,19.0,0.05,OBSERVED,aucun verrou automatique
football-data.co.uk,F2,2024-25,ac,306,7,0,299,0.02287581699346405,0.0,4.0,13.0,0.05,OBSERVED,aucun verrou automatique
football-data.co.uk,F2,2025-26,hthg,305,164,0,141,0.5377049180327869,0.0,0.0,4.0,0.05,OBSERVED,aucun verrou automatique
football-data.co.uk,F2,2025-26,htag,305,181,0,124,0.5934426229508196,0.0,0.0,4.0,0.05,OBSERVED,aucun verrou automatique
football-data.co.uk,F2,2025-26,hy,305,30,0,275,0.09836065573770492,0.0,2.0,6.0,0.05,OBSERVED,aucun verrou automatique
football-data.co.uk,F2,2025-26,ay,305,30,0,275,0.09836065573770492,0.0,2.0,7.0,0.05,OBSERVED,aucun verrou automatique
football-data.co.uk,F2,2025-26,hr,305,272,0,33,0.8918032786885246,0.0,0.0,2.0,0.05,OBSERVED,aucun verrou automatique
football-data.co.uk,F2,2025-26,ar,305,266,0,39,0.8721311475409836,0.0,0.0,2.0,0.05,OBSERVED,aucun verrou automatique
football-data.co.uk,F2,2025-26,hc,305,3,0,302,0.009836065573770493,0.0,5.0,13.0,0.05,OBSERVED,aucun verrou automatique
football-data.co.uk,F2,2025-26,ac,305,12,0,293,0.03934426229508197,0.0,4.0,13.0,0.05,OBSERVED,aucun verrou automatique
football-data.co.uk,I1,2015-16,hthg,380,203,0,177,0.5342105263157895,0.0,0.0,5.0,0.05,OBSERVED,aucun verrou automatique
football-data.co.uk,I1,2015-16,htag,380,230,0,150,0.6052631578947368,0.0,0.0,4.0,0.05,OBSERVED,aucun verrou automatique
football-data.co.uk,I1,2015-16,hy,380,28,0,352,0.07368421052631578,0.0,2.0,6.0,0.05,OBSERVED,aucun verrou automatique
football-data.co.uk,I1,2015-16,ay,380,15,0,365,0.039473684210526314,0.0,3.0,7.0,0.05,OBSERVED,aucun verrou automatique
football-data.co.uk,I1,2015-16,hr,380,329,0,51,0.8657894736842106,0.0,0.0,2.0,0.05,OBSERVED,aucun verrou automatique
football-data.co.uk,I1,2015-16,ar,380,312,0,68,0.8210526315789474,0.0,0.0,2.0,0.05,OBSERVED,aucun verrou automatique
football-data.co.uk,I1,2015-16,hc,380,6,0,374,0.015789473684210527,0.0,6.0,16.0,0.05,OBSERVED,aucun verrou automatique
football-data.co.uk,I1,2015-16,ac,380,9,0,371,0.02368421052631579,0.0,4.0,19.0,0.05,OBSERVED,aucun verrou automatique
football-data.co.uk,I1,2016-17,hthg,380,186,0,194,0.48947368421052634,0.0,1.0,5.0,0.05,OBSERVED,aucun verrou automatique
football-data.co.uk,I1,2016-17,htag,380,237,0,143,0.6236842105263158,0.0,0.0,4.0,0.05,OBSERVED,aucun verrou automatique
football-data.co.uk,I1,2016-17,hy,380,37,0,343,0.09736842105263158,0.0,2.0,6.0,0.05,OBSERVED,aucun verrou automatique
football-data.co.uk,I1,2016-17,ay,380,23,0,357,0.060526315789473685,0.0,2.0,6.0,0.05,OBSERVED,aucun verrou automatique
football-data.co.uk,I1,2016-17,hr,380,348,0,32,0.9157894736842105,0.0,0.0,2.0,0.05,OBSERVED,aucun verrou automatique
football-data.co.uk,I1,2016-17,ar,380,326,0,54,0.8578947368421053,0.0,0.0,2.0,0.05,OBSERVED,aucun verrou automatique
football-data.co.uk,I1,2016-17,hc,380,3,0,377,0.007894736842105263,0.0,5.0,18.0,0.05,OBSERVED,aucun verrou automatique
football-data.co.uk,I1,2016-17,ac,380,9,0,371,0.02368421052631579,0.0,5.0,14.0,0.05,OBSERVED,aucun verrou automatique
football-data.co.uk,I1,2017-18,hthg,380,202,0,178,0.531578947368421,0.0,0.0,4.0,0.05,OBSERVED,aucun verrou automatique
football-data.co.uk,I1,2017-18,htag,380,225,0,155,0.5921052631578947,0.0,0.0,4.0,0.05,OBSERVED,aucun verrou automatique
football-data.co.uk,I1,2017-18,hy,380,45,0,335,0.11842105263157894,0.0,2.0,6.0,0.05,OBSERVED,aucun verrou automatique
football-data.co.uk,I1,2017-18,ay,380,38,0,342,0.1,0.0,2.0,7.0,0.05,OBSERVED,aucun verrou automatique
football-data.co.uk,I1,2017-18,hr,380,347,0,33,0.9131578947368421,0.0,0.0,2.0,0.05,OBSERVED,aucun verrou automatique
football-data.co.uk,I1,2017-18,ar,380,330,0,50,0.868421052631579,0.0,0.0,2.0,0.05,OBSERVED,aucun verrou automatique
football-data.co.uk,I1,2017-18,hc,380,5,0,375,0.013157894736842105,0.0,5.0,18.0,0.05,OBSERVED,aucun verrou automatique
football-data.co.uk,I1,2017-18,ac,380,7,0,373,0.018421052631578946,0.0,4.0,16.0,0.05,OBSERVED,aucun verrou automatique
football-data.co.uk,I1,2018-19,hthg,380,201,0,179,0.5289473684210526,0.0,0.0,4.0,0.05,OBSERVED,aucun verrou automatique
football-data.co.uk,I1,2018-19,htag,380,234,0,146,0.6157894736842106,0.0,0.0,3.0,0.05,OBSERVED,aucun verrou automatique
football-data.co.uk,I1,2018-19,hy,380,34,0,346,0.08947368421052632,0.0,2.0,6.0,0.05,OBSERVED,aucun verrou automatique
football-data.co.uk,I1,2018-19,ay,380,22,0,358,0.05789473684210526,0.0,2.0,8.0,0.05,OBSERVED,aucun verrou automatique
football-data.co.uk,I1,2018-19,hr,380,343,0,37,0.9026315789473685,0.0,0.0,2.0,0.05,OBSERVED,aucun verrou automatique
football-data.co.uk,I1,2018-19,ar,380,334,0,46,0.8789473684210526,0.0,0.0,2.0,0.05,OBSERVED,aucun verrou automatique
football-data.co.uk,I1,2018-19,hc,380,5,0,375,0.013157894736842105,0.0,5.0,20.0,0.05,OBSERVED,aucun verrou automatique
football-data.co.uk,I1,2018-19,ac,380,8,0,372,0.021052631578947368,0.0,5.0,13.0,0.05,OBSERVED,aucun verrou automatique
football-data.co.uk,I1,2019-20,hthg,380,186,0,194,0.48947368421052634,0.0,1.0,4.0,0.05,OBSERVED,aucun verrou automatique
football-data.co.uk,I1,2019-20,htag,380,202,0,178,0.531578947368421,0.0,0.0,4.0,0.05,OBSERVED,aucun verrou automatique
football-data.co.uk,I1,2019-20,hy,380,19,0,361,0.05,0.0,2.0,6.0,0.05,OBSERVED,aucun verrou automatique
football-data.co.uk,I1,2019-20,ay,380,16,0,364,0.042105263157894736,0.0,3.0,7.0,0.05,OBSERVED,aucun verrou automatique
football-data.co.uk,I1,2019-20,hr,380,341,0,39,0.8973684210526316,0.0,0.0,2.0,0.05,OBSERVED,aucun verrou automatique
football-data.co.uk,I1,2019-20,ar,380,330,0,50,0.868421052631579,0.0,0.0,2.0,0.05,OBSERVED,aucun verrou automatique
football-data.co.uk,I1,2019-20,hc,380,6,0,374,0.015789473684210527,0.0,5.0,17.0,0.05,OBSERVED,aucun verrou automatique
football-data.co.uk,I1,2019-20,ac,380,9,0,371,0.02368421052631579,0.0,4.0,17.0,0.05,OBSERVED,aucun verrou automatique
football-data.co.uk,I1,2020-21,hthg,380,196,0,184,0.5157894736842106,0.0,0.0,4.0,0.05,OBSERVED,aucun verrou automatique
football-data.co.uk,I1,2020-21,htag,380,201,0,179,0.5289473684210526,0.0,0.0,5.0,0.05,OBSERVED,aucun verrou automatique
football-data.co.uk,I1,2020-21,hy,380,40,0,340,0.10526315789473684,0.0,2.0,7.0,0.05,OBSERVED,aucun verrou automatique
football-data.co.uk,I1,2020-21,ay,380,33,0,347,0.0868421052631579,0.0,2.0,8.0,0.05,OBSERVED,aucun verrou automatique
football-data.co.uk,I1,2020-21,hr,380,353,0,27,0.9289473684210526,0.0,0.0,2.0,0.05,OBSERVED,aucun verrou automatique
football-data.co.uk,I1,2020-21,ar,380,340,0,40,0.8947368421052632,0.0,0.0,2.0,0.05,OBSERVED,aucun verrou automatique
football-data.co.uk,I1,2020-21,hc,380,9,0,371,0.02368421052631579,0.0,5.0,15.0,0.05,OBSERVED,aucun verrou automatique
football-data.co.uk,I1,2020-21,ac,380,8,0,372,0.021052631578947368,0.0,4.0,15.0,0.05,OBSERVED,aucun verrou automatique
football-data.co.uk,I1,2021-22,hthg,380,193,0,187,0.5078947368421053,0.0,0.0,4.0,0.05,OBSERVED,aucun verrou automatique
football-data.co.uk,I1,2021-22,htag,380,212,0,168,0.5578947368421052,0.0,0.0,4.0,0.05,OBSERVED,aucun verrou automatique
football-data.co.uk,I1,2021-22,hy,380,35,0,345,0.09210526315789473,0.0,2.0,7.0,0.05,OBSERVED,aucun verrou automatique
football-data.co.uk,I1,2021-22,ay,380,13,0,367,0.034210526315789476,0.0,2.0,8.0,0.05,OBSERVED,aucun verrou automatique
football-data.co.uk,I1,2021-22,hr,380,337,0,43,0.8868421052631579,0.0,0.0,2.0,0.05,OBSERVED,aucun verrou automatique
football-data.co.uk,I1,2021-22,ar,380,342,0,38,0.9,0.0,0.0,2.0,0.05,OBSERVED,aucun verrou automatique
football-data.co.uk,I1,2021-22,hc,380,10,0,370,0.02631578947368421,0.0,5.0,20.0,0.05,OBSERVED,aucun verrou automatique
football-data.co.uk,I1,2021-22,ac,380,18,0,362,0.04736842105263158,0.0,4.0,15.0,0.05,OBSERVED,aucun verrou automatique
football-data.co.uk,I1,2022-23,hthg,380,194,0,186,0.5105263157894737,0.0,0.0,5.0,0.05,OBSERVED,aucun verrou automatique
football-data.co.uk,I1,2022-23,htag,380,221,0,159,0.5815789473684211,0.0,0.0,3.0,0.05,OBSERVED,aucun verrou automatique
football-data.co.uk,I1,2022-23,hy,380,44,0,336,0.11578947368421053,0.0,2.0,7.0,0.05,OBSERVED,aucun verrou automatique
football-data.co.uk,I1,2022-23,ay,380,24,0,356,0.06315789473684211,0.0,2.0,8.0,0.05,OBSERVED,aucun verrou automatique
football-data.co.uk,I1,2022-23,hr,380,348,0,32,0.9157894736842105,0.0,0.0,2.0,0.05,OBSERVED,aucun verrou automatique
football-data.co.uk,I1,2022-23,ar,380,348,0,32,0.9157894736842105,0.0,0.0,2.0,0.05,OBSERVED,aucun verrou automatique
football-data.co.uk,I1,2022-23,hc,380,2,0,378,0.005263157894736842,0.0,5.0,14.0,0.05,OBSERVED,aucun verrou automatique
football-data.co.uk,I1,2022-23,ac,380,15,0,365,0.039473684210526314,0.0,4.0,14.0,0.05,OBSERVED,aucun verrou automatique
football-data.co.uk,I1,2023-24,hthg,380,204,0,176,0.5368421052631579,0.0,0.0,3.0,0.05,OBSERVED,aucun verrou automatique
football-data.co.uk,I1,2023-24,htag,380,230,0,150,0.6052631578947368,0.0,0.0,3.0,0.05,OBSERVED,aucun verrou automatique
football-data.co.uk,I1,2023-24,hy,380,45,0,335,0.11842105263157894,0.0,2.0,7.0,0.05,OBSERVED,aucun verrou automatique
football-data.co.uk,I1,2023-24,ay,380,18,0,362,0.04736842105263158,0.0,2.0,7.0,0.05,OBSERVED,aucun verrou automatique
football-data.co.uk,I1,2023-24,hr,380,351,0,29,0.9236842105263158,0.0,0.0,3.0,0.05,OBSERVED,aucun verrou automatique
football-data.co.uk,I1,2023-24,ar,380,348,0,32,0.9157894736842105,0.0,0.0,2.0,0.05,OBSERVED,aucun verrou automatique
football-data.co.uk,I1,2023-24,hc,380,7,0,373,0.018421052631578946,0.0,5.0,18.0,0.05,OBSERVED,aucun verrou automatique
football-data.co.uk,I1,2023-24,ac,380,15,0,365,0.039473684210526314,0.0,4.0,13.0,0.05,OBSERVED,aucun verrou automatique
football-data.co.uk,I1,2024-25,hthg,380,215,0,165,0.5657894736842105,0.0,0.0,5.0,0.05,OBSERVED,aucun verrou automatique
football-data.co.uk,I1,2024-25,htag,380,216,0,164,0.5684210526315789,0.0,0.0,5.0,0.05,OBSERVED,aucun verrou automatique
football-data.co.uk,I1,2024-25,hy,380,68,0,312,0.17894736842105263,0.0,2.0,6.0,0.05,OBSERVED,aucun verrou automatique
football-data.co.uk,I1,2024-25,ay,380,40,0,340,0.10526315789473684,0.0,2.0,8.0,0.05,OBSERVED,aucun verrou automatique
football-data.co.uk,I1,2024-25,hr,380,344,0,36,0.9052631578947369,0.0,0.0,1.0,0.05,OBSERVED,aucun verrou automatique
football-data.co.uk,I1,2024-25,ar,380,343,0,37,0.9026315789473685,0.0,0.0,2.0,0.05,OBSERVED,aucun verrou automatique
football-data.co.uk,I1,2024-25,hc,380,4,0,376,0.010526315789473684,0.0,5.0,16.0,0.05,OBSERVED,aucun verrou automatique
football-data.co.uk,I1,2024-25,ac,380,16,0,364,0.042105263157894736,0.0,4.0,13.0,0.05,OBSERVED,aucun verrou automatique
football-data.co.uk,I1,2025-26,hthg,380,226,0,154,0.5947368421052631,0.0,0.0,3.0,0.05,OBSERVED,aucun verrou automatique
football-data.co.uk,I1,2025-26,htag,380,227,0,153,0.5973684210526315,0.0,0.0,3.0,0.05,OBSERVED,aucun verrou automatique
football-data.co.uk,I1,2025-26,hy,380,58,0,322,0.15263157894736842,0.0,2.0,6.0,0.05,OBSERVED,aucun verrou automatique
football-data.co.uk,I1,2025-26,ay,380,46,0,334,0.12105263157894737,0.0,2.0,7.0,0.05,OBSERVED,aucun verrou automatique
football-data.co.uk,I1,2025-26,hr,380,352,0,28,0.9263157894736842,0.0,0.0,3.0,0.05,OBSERVED,aucun verrou automatique
football-data.co.uk,I1,2025-26,ar,380,346,0,34,0.9105263157894737,0.0,0.0,2.0,0.05,OBSERVED,aucun verrou automatique
football-data.co.uk,I1,2025-26,hc,380,1,0,379,0.002631578947368421,0.0,5.0,15.0,0.05,OBSERVED,aucun verrou automatique
football-data.co.uk,I1,2025-26,ac,380,13,0,367,0.034210526315789476,0.0,4.0,18.0,0.05,OBSERVED,aucun verrou automatique
football-data.co.uk,N1,2015-16,hthg,306,153,0,153,0.5,0.0,0.5,4.0,0.05,OBSERVED,aucun verrou automatique
football-data.co.uk,N1,2015-16,htag,306,171,0,135,0.5588235294117647,0.0,0.0,5.0,0.05,OBSERVED,aucun verrou automatique
football-data.co.uk,N1,2015-16,hy,306,306,0,0,1.0,0.0,0.0,0.0,0.99,SUSPECT_ZERO,exclure des features et modèles concernés
football-data.co.uk,N1,2015-16,ay,306,306,0,0,1.0,0.0,0.0,0.0,0.99,SUSPECT_ZERO,exclure des features et modèles concernés
football-data.co.uk,N1,2015-16,hr,306,306,0,0,1.0,0.0,0.0,0.0,0.75,OBSERVED,aucun verrou automatique
football-data.co.uk,N1,2015-16,ar,306,306,0,0,1.0,0.0,0.0,0.0,0.75,OBSERVED,aucun verrou automatique
football-data.co.uk,N1,2015-16,hc,306,306,0,0,1.0,0.0,0.0,0.0,0.99,SUSPECT_ZERO,exclure des features et modèles concernés
football-data.co.uk,N1,2015-16,ac,306,306,0,0,1.0,0.0,0.0,0.0,0.99,SUSPECT_ZERO,exclure des features et modèles concernés
football-data.co.uk,N1,2016-17,hthg,306,148,0,158,0.48366013071895425,0.0,1.0,5.0,0.05,OBSERVED,aucun verrou automatique
football-data.co.uk,N1,2016-17,htag,306,184,0,122,0.6013071895424836,0.0,0.0,4.0,0.05,OBSERVED,aucun verrou automatique
football-data.co.uk,N1,2016-17,hy,306,306,0,0,1.0,0.0,0.0,0.0,0.99,SUSPECT_ZERO,exclure des features et modèles concernés
football-data.co.uk,N1,2016-17,ay,306,306,0,0,1.0,0.0,0.0,0.0,0.99,SUSPECT_ZERO,exclure des features et modèles concernés
football-data.co.uk,N1,2016-17,hr,306,306,0,0,1.0,0.0,0.0,0.0,0.75,OBSERVED,aucun verrou automatique
football-data.co.uk,N1,2016-17,ar,306,306,0,0,1.0,0.0,0.0,0.0,0.75,OBSERVED,aucun verrou automatique
football-data.co.uk,N1,2016-17,hc,306,306,0,0,1.0,0.0,0.0,0.0,0.99,SUSPECT_ZERO,exclure des features et modèles concernés
football-data.co.uk,N1,2016-17,ac,306,306,0,0,1.0,0.0,0.0,0.0,0.99,SUSPECT_ZERO,exclure des features et modèles concernés
football-data.co.uk,N1,2017-18,hthg,306,139,0,167,0.4542483660130719,0.0,1.0,4.0,0.05,OBSERVED,aucun verrou automatique
football-data.co.uk,N1,2017-18,htag,306,160,0,146,0.5228758169934641,0.0,0.0,5.0,0.05,OBSERVED,aucun verrou automatique
football-data.co.uk,N1,2017-18,hy,306,83,0,223,0.27124183006535946,0.0,1.0,6.0,0.05,OBSERVED,aucun verrou automatique
football-data.co.uk,N1,2017-18,ay,306,50,0,256,0.16339869281045752,0.0,2.0,5.0,0.05,OBSERVED,aucun verrou automatique
football-data.co.uk,N1,2017-18,hr,306,288,0,18,0.9411764705882353,0.0,0.0,1.0,0.05,OBSERVED,aucun verrou automatique
football-data.co.uk,N1,2017-18,ar,306,279,0,27,0.9117647058823529,0.0,0.0,2.0,0.05,OBSERVED,aucun verrou automatique
football-data.co.uk,N1,2017-18,hc,306,1,0,305,0.0032679738562091504,0.0,5.0,26.0,0.05,OBSERVED,aucun verrou automatique
football-data.co.uk,N1,2017-18,ac,306,9,0,297,0.029411764705882353,0.0,4.0,16.0,0.05,OBSERVED,aucun verrou automatique
football-data.co.uk,N1,2018-19,hthg,306,120,0,186,0.39215686274509803,0.0,1.0,4.0,0.05,OBSERVED,aucun verrou automatique
football-data.co.uk,N1,2018-19,htag,306,166,0,140,0.5424836601307189,0.0,0.0,4.0,0.05,OBSERVED,aucun verrou automatique
football-data.co.uk,N1,2018-19,hy,306,84,0,222,0.27450980392156865,0.0,1.0,5.0,0.05,OBSERVED,aucun verrou automatique
football-data.co.uk,N1,2018-19,ay,306,66,0,240,0.21568627450980393,0.0,2.0,5.0,0.05,OBSERVED,aucun verrou automatique
football-data.co.uk,N1,2018-19,hr,306,281,0,25,0.9183006535947712,0.0,0.0,2.0,0.05,OBSERVED,aucun verrou automatique
football-data.co.uk,N1,2018-19,ar,306,271,0,35,0.8856209150326797,0.0,0.0,2.0,0.05,OBSERVED,aucun verrou automatique
football-data.co.uk,N1,2018-19,hc,306,4,0,302,0.013071895424836602,0.0,6.0,23.0,0.05,OBSERVED,aucun verrou automatique
football-data.co.uk,N1,2018-19,ac,306,8,0,298,0.026143790849673203,0.0,4.0,15.0,0.05,OBSERVED,aucun verrou automatique
football-data.co.uk,N1,2019-20,hthg,232,108,0,124,0.46551724137931033,0.0,1.0,4.0,0.05,OBSERVED,aucun verrou automatique
football-data.co.uk,N1,2019-20,htag,232,136,0,96,0.5862068965517241,0.0,0.0,3.0,0.05,OBSERVED,aucun verrou automatique
football-data.co.uk,N1,2019-20,hy,232,52,0,180,0.22413793103448276,0.0,1.0,5.0,0.05,OBSERVED,aucun verrou automatique
football-data.co.uk,N1,2019-20,ay,232,37,0,195,0.15948275862068967,0.0,2.0,7.0,0.05,OBSERVED,aucun verrou automatique
football-data.co.uk,N1,2019-20,hr,232,216,0,16,0.9310344827586207,0.0,0.0,2.0,0.05,OBSERVED,aucun verrou automatique
football-data.co.uk,N1,2019-20,ar,232,206,0,26,0.8879310344827587,0.0,0.0,2.0,0.05,OBSERVED,aucun verrou automatique
football-data.co.uk,N1,2019-20,hc,232,3,0,229,0.01293103448275862,0.0,5.0,15.0,0.05,OBSERVED,aucun verrou automatique
football-data.co.uk,N1,2019-20,ac,232,9,0,223,0.03879310344827586,0.0,4.0,13.0,0.05,OBSERVED,aucun verrou automatique
football-data.co.uk,N1,2020-21,hthg,306,160,0,146,0.5228758169934641,0.0,0.0,4.0,0.05,OBSERVED,aucun verrou automatique
football-data.co.uk,N1,2020-21,htag,306,178,0,128,0.5816993464052288,0.0,0.0,4.0,0.05,OBSERVED,aucun verrou automatique
football-data.co.uk,N1,2020-21,hy,306,83,0,223,0.27124183006535946,0.0,1.0,7.0,0.05,OBSERVED,aucun verrou automatique
football-data.co.uk,N1,2020-21,ay,306,78,0,228,0.2549019607843137,0.0,1.0,6.0,0.05,OBSERVED,aucun verrou automatique
football-data.co.uk,N1,2020-21,hr,306,281,0,25,0.9183006535947712,0.0,0.0,2.0,0.05,OBSERVED,aucun verrou automatique
football-data.co.uk,N1,2020-21,ar,306,272,0,34,0.8888888888888888,0.0,0.0,2.0,0.05,OBSERVED,aucun verrou automatique
football-data.co.uk,N1,2020-21,hc,306,9,0,297,0.029411764705882353,0.0,5.0,17.0,0.05,OBSERVED,aucun verrou automatique
football-data.co.uk,N1,2020-21,ac,306,10,0,296,0.032679738562091505,0.0,4.0,17.0,0.05,OBSERVED,aucun verrou automatique
football-data.co.uk,N1,2021-22,hthg,306,153,0,153,0.5,0.0,0.5,5.0,0.05,OBSERVED,aucun verrou automatique
football-data.co.uk,N1,2021-22,htag,306,158,0,148,0.5163398692810458,0.0,0.0,3.0,0.05,OBSERVED,aucun verrou automatique
football-data.co.uk,N1,2021-22,hy,306,95,0,211,0.3104575163398693,0.0,1.0,6.0,0.05,OBSERVED,aucun verrou automatique
football-data.co.uk,N1,2021-22,ay,306,66,0,240,0.21568627450980393,0.0,1.0,6.0,0.05,OBSERVED,aucun verrou automatique
football-data.co.uk,N1,2021-22,hr,306,282,0,24,0.9215686274509803,0.0,0.0,2.0,0.05,OBSERVED,aucun verrou automatique
football-data.co.uk,N1,2021-22,ar,306,290,0,16,0.9477124183006536,0.0,0.0,1.0,0.05,OBSERVED,aucun verrou automatique
football-data.co.uk,N1,2021-22,hc,306,5,0,301,0.016339869281045753,0.0,5.0,18.0,0.05,OBSERVED,aucun verrou automatique
football-data.co.uk,N1,2021-22,ac,306,18,0,288,0.058823529411764705,0.0,4.0,18.0,0.05,OBSERVED,aucun verrou automatique
football-data.co.uk,N1,2022-23,hthg,306,146,0,160,0.477124183006536,0.0,1.0,5.0,0.05,OBSERVED,aucun verrou automatique
football-data.co.uk,N1,2022-23,htag,306,176,0,130,0.5751633986928104,0.0,0.0,3.0,0.05,OBSERVED,aucun verrou automatique
football-data.co.uk,N1,2022-23,hy,306,80,0,226,0.26143790849673204,0.0,1.0,5.0,0.05,OBSERVED,aucun verrou automatique
football-data.co.uk,N1,2022-23,ay,306,58,0,248,0.1895424836601307,0.0,1.0,7.0,0.05,OBSERVED,aucun verrou automatique
football-data.co.uk,N1,2022-23,hr,306,287,0,19,0.9379084967320261,0.0,0.0,1.0,0.05,OBSERVED,aucun verrou automatique
football-data.co.uk,N1,2022-23,ar,306,285,0,21,0.9313725490196079,0.0,0.0,2.0,0.05,OBSERVED,aucun verrou automatique
football-data.co.uk,N1,2022-23,hc,306,3,0,303,0.00980392156862745,0.0,6.0,18.0,0.05,OBSERVED,aucun verrou automatique
football-data.co.uk,N1,2022-23,ac,306,9,0,297,0.029411764705882353,0.0,4.0,14.0,0.05,OBSERVED,aucun verrou automatique
football-data.co.uk,N1,2023-24,hthg,306,151,0,155,0.4934640522875817,0.0,1.0,5.0,0.05,OBSERVED,aucun verrou automatique
football-data.co.uk,N1,2023-24,htag,306,173,0,133,0.565359477124183,0.0,0.0,5.0,0.05,OBSERVED,aucun verrou automatique
football-data.co.uk,N1,2023-24,hy,306,88,0,218,0.2875816993464052,0.0,1.0,6.0,0.05,OBSERVED,aucun verrou automatique
football-data.co.uk,N1,2023-24,ay,306,65,0,241,0.21241830065359477,0.0,2.0,6.0,0.05,OBSERVED,aucun verrou automatique
football-data.co.uk,N1,2023-24,hr,306,279,0,27,0.9117647058823529,0.0,0.0,1.0,0.05,OBSERVED,aucun verrou automatique
football-data.co.uk,N1,2023-24,ar,306,282,0,24,0.9215686274509803,0.0,0.0,1.0,0.05,OBSERVED,aucun verrou automatique
football-data.co.uk,N1,2023-24,hc,306,3,0,303,0.00980392156862745,0.0,5.0,19.0,0.05,OBSERVED,aucun verrou automatique
football-data.co.uk,N1,2023-24,ac,306,20,0,286,0.06535947712418301,0.0,4.0,14.0,0.05,OBSERVED,aucun verrou automatique
football-data.co.uk,N1,2024-25,hthg,306,143,0,163,0.4673202614379085,0.0,1.0,4.0,0.05,OBSERVED,aucun verrou automatique
football-data.co.uk,N1,2024-25,htag,306,176,0,130,0.5751633986928104,0.0,0.0,3.0,0.05,OBSERVED,aucun verrou automatique
football-data.co.uk,N1,2024-25,hy,306,91,0,215,0.2973856209150327,0.0,1.0,5.0,0.05,OBSERVED,aucun verrou automatique
football-data.co.uk,N1,2024-25,ay,306,61,0,245,0.19934640522875818,0.0,2.0,5.0,0.05,OBSERVED,aucun verrou automatique
football-data.co.uk,N1,2024-25,hr,306,279,0,27,0.9117647058823529,0.0,0.0,2.0,0.05,OBSERVED,aucun verrou automatique
football-data.co.uk,N1,2024-25,ar,306,284,0,22,0.9281045751633987,0.0,0.0,2.0,0.05,OBSERVED,aucun verrou automatique
football-data.co.uk,N1,2024-25,hc,306,3,0,303,0.00980392156862745,0.0,5.0,15.0,0.05,OBSERVED,aucun verrou automatique
football-data.co.uk,N1,2024-25,ac,306,12,0,294,0.0392156862745098,0.0,4.0,15.0,0.05,OBSERVED,aucun verrou automatique
football-data.co.uk,N1,2025-26,hthg,306,113,0,193,0.369281045751634,0.0,1.0,4.0,0.05,OBSERVED,aucun verrou automatique
football-data.co.uk,N1,2025-26,htag,306,169,0,137,0.5522875816993464,0.0,0.0,4.0,0.05,OBSERVED,aucun verrou automatique
football-data.co.uk,N1,2025-26,hy,306,66,0,240,0.21568627450980393,0.0,1.0,4.0,0.05,OBSERVED,aucun verrou automatique
football-data.co.uk,N1,2025-26,ay,306,46,0,260,0.1503267973856209,0.0,2.0,6.0,0.05,OBSERVED,aucun verrou automatique
football-data.co.uk,N1,2025-26,hr,306,285,0,21,0.9313725490196079,0.0,0.0,1.0,0.05,OBSERVED,aucun verrou automatique
football-data.co.uk,N1,2025-26,ar,306,275,0,31,0.8986928104575164,0.0,0.0,2.0,0.05,OBSERVED,aucun verrou automatique
football-data.co.uk,N1,2025-26,hc,306,0,0,306,0.0,1.0,5.0,19.0,0.05,OBSERVED,aucun verrou automatique
football-data.co.uk,N1,2025-26,ac,306,14,0,292,0.0457516339869281,0.0,4.0,14.0,0.05,OBSERVED,aucun verrou automatique
football-data.co.uk,P1,2015-16,hthg,306,146,0,160,0.477124183006536,0.0,1.0,4.0,0.05,OBSERVED,aucun verrou automatique
football-data.co.uk,P1,2015-16,htag,306,181,0,125,0.5915032679738562,0.0,0.0,3.0,0.05,OBSERVED,aucun verrou automatique
football-data.co.uk,P1,2015-16,hy,306,306,0,0,1.0,0.0,0.0,0.0,0.99,SUSPECT_ZERO,exclure des features et modèles concernés
football-data.co.uk,P1,2015-16,ay,306,306,0,0,1.0,0.0,0.0,0.0,0.99,SUSPECT_ZERO,exclure des features et modèles concernés
football-data.co.uk,P1,2015-16,hr,306,306,0,0,1.0,0.0,0.0,0.0,0.75,OBSERVED,aucun verrou automatique
football-data.co.uk,P1,2015-16,ar,306,306,0,0,1.0,0.0,0.0,0.0,0.75,OBSERVED,aucun verrou automatique
football-data.co.uk,P1,2015-16,hc,306,306,0,0,1.0,0.0,0.0,0.0,0.99,SUSPECT_ZERO,exclure des features et modèles concernés
football-data.co.uk,P1,2015-16,ac,306,306,0,0,1.0,0.0,0.0,0.0,0.99,SUSPECT_ZERO,exclure des features et modèles concernés
football-data.co.uk,P1,2016-17,hthg,306,158,0,148,0.5163398692810458,0.0,0.0,4.0,0.05,OBSERVED,aucun verrou automatique
football-data.co.uk,P1,2016-17,htag,306,201,0,105,0.6568627450980392,0.0,0.0,3.0,0.05,OBSERVED,aucun verrou automatique
football-data.co.uk,P1,2016-17,hy,306,306,0,0,1.0,0.0,0.0,0.0,0.99,SUSPECT_ZERO,exclure des features et modèles concernés
football-data.co.uk,P1,2016-17,ay,306,306,0,0,1.0,0.0,0.0,0.0,0.99,SUSPECT_ZERO,exclure des features et modèles concernés
football-data.co.uk,P1,2016-17,hr,306,306,0,0,1.0,0.0,0.0,0.0,0.75,OBSERVED,aucun verrou automatique
football-data.co.uk,P1,2016-17,ar,306,306,0,0,1.0,0.0,0.0,0.0,0.75,OBSERVED,aucun verrou automatique
football-data.co.uk,P1,2016-17,hc,306,306,0,0,1.0,0.0,0.0,0.0,0.99,SUSPECT_ZERO,exclure des features et modèles concernés
football-data.co.uk,P1,2016-17,ac,306,306,0,0,1.0,0.0,0.0,0.0,0.99,SUSPECT_ZERO,exclure des features et modèles concernés
football-data.co.uk,P1,2017-18,hthg,306,155,0,151,0.5065359477124183,0.0,0.0,4.0,0.05,OBSERVED,aucun verrou automatique
football-data.co.uk,P1,2017-18,htag,306,181,0,125,0.5915032679738562,0.0,0.0,4.0,0.05,OBSERVED,aucun verrou automatique
football-data.co.uk,P1,2017-18,hy,306,38,0,268,0.12418300653594772,0.0,2.0,7.0,0.05,OBSERVED,aucun verrou automatique
football-data.co.uk,P1,2017-18,ay,306,19,0,287,0.06209150326797386,0.0,2.0,7.0,0.05,OBSERVED,aucun verrou automatique
football-data.co.uk,P1,2017-18,hr,306,272,0,34,0.8888888888888888,0.0,0.0,2.0,0.05,OBSERVED,aucun verrou automatique
football-data.co.uk,P1,2017-18,ar,306,264,0,42,0.8627450980392157,0.0,0.0,3.0,0.05,OBSERVED,aucun verrou automatique
football-data.co.uk,P1,2017-18,hc,306,6,0,300,0.0196078431372549,0.0,5.0,15.0,0.05,OBSERVED,aucun verrou automatique
football-data.co.uk,P1,2017-18,ac,306,3,0,303,0.00980392156862745,0.0,4.0,16.0,0.05,OBSERVED,aucun verrou automatique
football-data.co.uk,P1,2018-19,hthg,306,160,0,146,0.5228758169934641,0.0,0.0,4.0,0.05,OBSERVED,aucun verrou automatique
football-data.co.uk,P1,2018-19,htag,306,180,0,126,0.5882352941176471,0.0,0.0,3.0,0.05,OBSERVED,aucun verrou automatique
football-data.co.uk,P1,2018-19,hy,306,29,0,277,0.09477124183006536,0.0,2.0,8.0,0.05,OBSERVED,aucun verrou automatique
football-data.co.uk,P1,2018-19,ay,306,21,0,285,0.06862745098039216,0.0,3.0,8.0,0.05,OBSERVED,aucun verrou automatique
football-data.co.uk,P1,2018-19,hr,306,265,0,41,0.8660130718954249,0.0,0.0,3.0,0.05,OBSERVED,aucun verrou automatique
football-data.co.uk,P1,2018-19,ar,306,259,0,47,0.8464052287581699,0.0,0.0,2.0,0.05,OBSERVED,aucun verrou automatique
football-data.co.uk,P1,2018-19,hc,306,2,0,304,0.006535947712418301,0.0,5.0,17.0,0.05,OBSERVED,aucun verrou automatique
football-data.co.uk,P1,2018-19,ac,306,8,0,298,0.026143790849673203,0.0,4.0,13.0,0.05,OBSERVED,aucun verrou automatique
football-data.co.uk,P1,2019-20,hthg,306,169,0,137,0.5522875816993464,0.0,0.0,3.0,0.05,OBSERVED,aucun verrou automatique
football-data.co.uk,P1,2019-20,htag,306,180,0,126,0.5882352941176471,0.0,0.0,4.0,0.05,OBSERVED,aucun verrou automatique
football-data.co.uk,P1,2019-20,hy,306,28,0,278,0.0915032679738562,0.0,2.0,7.0,0.05,OBSERVED,aucun verrou automatique
football-data.co.uk,P1,2019-20,ay,306,18,0,288,0.058823529411764705,0.0,3.0,7.0,0.05,OBSERVED,aucun verrou automatique
football-data.co.uk,P1,2019-20,hr,306,269,0,37,0.8790849673202614,0.0,0.0,3.0,0.05,OBSERVED,aucun verrou automatique
football-data.co.uk,P1,2019-20,ar,306,267,0,39,0.8725490196078431,0.0,0.0,3.0,0.05,OBSERVED,aucun verrou automatique
football-data.co.uk,P1,2019-20,hc,306,7,0,299,0.02287581699346405,0.0,5.0,17.0,0.05,OBSERVED,aucun verrou automatique
football-data.co.uk,P1,2019-20,ac,306,10,0,296,0.032679738562091505,0.0,4.0,16.0,0.05,OBSERVED,aucun verrou automatique
football-data.co.uk,P1,2020-21,hthg,306,162,0,144,0.5294117647058824,0.0,0.0,3.0,0.05,OBSERVED,aucun verrou automatique
football-data.co.uk,P1,2020-21,htag,306,176,0,130,0.5751633986928104,0.0,0.0,4.0,0.05,OBSERVED,aucun verrou automatique
football-data.co.uk,P1,2020-21,hy,306,18,0,288,0.058823529411764705,0.0,2.0,8.0,0.05,OBSERVED,aucun verrou automatique
football-data.co.uk,P1,2020-21,ay,306,33,0,273,0.10784313725490197,0.0,2.0,6.0,0.05,OBSERVED,aucun verrou automatique
football-data.co.uk,P1,2020-21,hr,306,276,0,30,0.9019607843137255,0.0,0.0,2.0,0.05,OBSERVED,aucun verrou automatique
football-data.co.uk,P1,2020-21,ar,306,269,0,37,0.8790849673202614,0.0,0.0,2.0,0.05,OBSERVED,aucun verrou automatique
football-data.co.uk,P1,2020-21,hc,306,3,0,303,0.00980392156862745,0.0,5.0,15.0,0.05,OBSERVED,aucun verrou automatique
football-data.co.uk,P1,2020-21,ac,306,8,0,298,0.026143790849673203,0.0,4.0,16.0,0.05,OBSERVED,aucun verrou automatique
football-data.co.uk,P1,2021-22,hthg,306,161,0,145,0.5261437908496732,0.0,0.0,4.0,0.05,OBSERVED,aucun verrou automatique
football-data.co.uk,P1,2021-22,htag,306,178,0,128,0.5816993464052288,0.0,0.0,7.0,0.05,OBSERVED,aucun verrou automatique
football-data.co.uk,P1,2021-22,hy,306,16,0,290,0.05228758169934641,0.0,3.0,10.0,0.05,OBSERVED,aucun verrou automatique
football-data.co.uk,P1,2021-22,ay,306,11,0,295,0.03594771241830065,0.0,3.0,8.0,0.05,OBSERVED,aucun verrou automatique
football-data.co.uk,P1,2021-22,hr,306,263,0,43,0.8594771241830066,0.0,0.0,3.0,0.05,OBSERVED,aucun verrou automatique
football-data.co.uk,P1,2021-22,ar,306,247,0,59,0.8071895424836601,0.0,0.0,3.0,0.05,OBSERVED,aucun verrou automatique
football-data.co.uk,P1,2021-22,hc,306,3,0,303,0.00980392156862745,0.0,5.0,14.0,0.05,OBSERVED,aucun verrou automatique
football-data.co.uk,P1,2021-22,ac,306,13,0,293,0.042483660130718956,0.0,4.0,14.0,0.05,OBSERVED,aucun verrou automatique
football-data.co.uk,P1,2022-23,hthg,306,170,0,136,0.5555555555555556,0.0,0.0,3.0,0.05,OBSERVED,aucun verrou automatique
football-data.co.uk,P1,2022-23,htag,306,200,0,106,0.6535947712418301,0.0,0.0,4.0,0.05,OBSERVED,aucun verrou automatique
football-data.co.uk,P1,2022-23,hy,306,18,0,288,0.058823529411764705,0.0,2.5,9.0,0.05,OBSERVED,aucun verrou automatique
football-data.co.uk,P1,2022-23,ay,306,20,0,286,0.06535947712418301,0.0,3.0,9.0,0.05,OBSERVED,aucun verrou automatique
football-data.co.uk,P1,2022-23,hr,306,263,0,43,0.8594771241830066,0.0,0.0,3.0,0.05,OBSERVED,aucun verrou automatique
football-data.co.uk,P1,2022-23,ar,306,254,0,52,0.8300653594771242,0.0,0.0,2.0,0.05,OBSERVED,aucun verrou automatique
football-data.co.uk,P1,2022-23,hc,306,2,0,304,0.006535947712418301,0.0,5.0,16.0,0.05,OBSERVED,aucun verrou automatique
football-data.co.uk,P1,2022-23,ac,306,10,0,296,0.032679738562091505,0.0,5.0,19.0,0.05,OBSERVED,aucun verrou automatique
football-data.co.uk,P1,2023-24,hthg,306,169,0,137,0.5522875816993464,0.0,0.0,5.0,0.05,OBSERVED,aucun verrou automatique
football-data.co.uk,P1,2023-24,htag,306,173,0,133,0.565359477124183,0.0,0.0,4.0,0.05,OBSERVED,aucun verrou automatique
football-data.co.uk,P1,2023-24,hy,306,29,0,277,0.09477124183006536,0.0,2.0,6.0,0.05,OBSERVED,aucun verrou automatique
football-data.co.uk,P1,2023-24,ay,306,20,0,286,0.06535947712418301,0.0,2.0,9.0,0.05,OBSERVED,aucun verrou automatique
football-data.co.uk,P1,2023-24,hr,306,266,0,40,0.869281045751634,0.0,0.0,1.0,0.05,OBSERVED,aucun verrou automatique
football-data.co.uk,P1,2023-24,ar,306,256,0,50,0.8366013071895425,0.0,0.0,3.0,0.05,OBSERVED,aucun verrou automatique
football-data.co.uk,P1,2023-24,hc,306,2,0,304,0.006535947712418301,0.0,5.0,23.0,0.05,OBSERVED,aucun verrou automatique
football-data.co.uk,P1,2023-24,ac,306,9,0,297,0.029411764705882353,0.0,4.0,13.0,0.05,OBSERVED,aucun verrou automatique
football-data.co.uk,P1,2024-25,hthg,306,157,0,149,0.5130718954248366,0.0,0.0,4.0,0.05,OBSERVED,aucun verrou automatique
football-data.co.uk,P1,2024-25,htag,306,189,0,117,0.6176470588235294,0.0,0.0,4.0,0.05,OBSERVED,aucun verrou automatique
football-data.co.uk,P1,2024-25,hy,306,34,0,272,0.1111111111111111,0.0,2.0,7.0,0.05,OBSERVED,aucun verrou automatique
football-data.co.uk,P1,2024-25,ay,306,25,0,281,0.08169934640522876,0.0,2.0,8.0,0.05,OBSERVED,aucun verrou automatique
football-data.co.uk,P1,2024-25,hr,306,273,0,33,0.8921568627450981,0.0,0.0,2.0,0.05,OBSERVED,aucun verrou automatique
football-data.co.uk,P1,2024-25,ar,306,271,0,35,0.8856209150326797,0.0,0.0,2.0,0.05,OBSERVED,aucun verrou automatique
football-data.co.uk,P1,2024-25,hc,306,10,0,296,0.032679738562091505,0.0,5.0,16.0,0.05,OBSERVED,aucun verrou automatique
football-data.co.uk,P1,2024-25,ac,306,9,0,297,0.029411764705882353,0.0,4.0,14.0,0.05,OBSERVED,aucun verrou automatique
football-data.co.uk,P1,2025-26,hthg,306,165,0,141,0.5392156862745098,0.0,0.0,4.0,0.05,OBSERVED,aucun verrou automatique
football-data.co.uk,P1,2025-26,htag,306,180,0,126,0.5882352941176471,0.0,0.0,3.0,0.05,OBSERVED,aucun verrou automatique
football-data.co.uk,P1,2025-26,hy,306,24,0,282,0.0784313725490196,0.0,2.0,8.0,0.05,OBSERVED,aucun verrou automatique
football-data.co.uk,P1,2025-26,ay,306,21,0,285,0.06862745098039216,0.0,2.0,7.0,0.05,OBSERVED,aucun verrou automatique
football-data.co.uk,P1,2025-26,hr,306,268,0,38,0.8758169934640523,0.0,0.0,2.0,0.05,OBSERVED,aucun verrou automatique
football-data.co.uk,P1,2025-26,ar,306,274,0,32,0.8954248366013072,0.0,0.0,2.0,0.05,OBSERVED,aucun verrou automatique
football-data.co.uk,P1,2025-26,hc,306,10,0,296,0.032679738562091505,0.0,5.0,15.0,0.05,OBSERVED,aucun verrou automatique
football-data.co.uk,P1,2025-26,ac,306,14,0,292,0.0457516339869281,0.0,4.0,15.0,0.05,OBSERVED,aucun verrou automatique
football-data.co.uk,SP1,2015-16,hthg,380,186,0,194,0.48947368421052634,0.0,1.0,5.0,0.05,OBSERVED,aucun verrou automatique
football-data.co.uk,SP1,2015-16,htag,380,231,0,149,0.6078947368421053,0.0,0.0,4.0,0.05,OBSERVED,aucun verrou automatique
football-data.co.uk,SP1,2015-16,hy,380,26,0,354,0.06842105263157895,0.0,2.0,8.0,0.05,OBSERVED,aucun verrou automatique
football-data.co.uk,SP1,2015-16,ay,380,16,0,364,0.042105263157894736,0.0,3.0,8.0,0.05,OBSERVED,aucun verrou automatique
football-data.co.uk,SP1,2015-16,hr,380,337,0,43,0.8868421052631579,0.0,0.0,2.0,0.05,OBSERVED,aucun verrou automatique
football-data.co.uk,SP1,2015-16,ar,380,321,0,59,0.8447368421052631,0.0,0.0,2.0,0.05,OBSERVED,aucun verrou automatique
football-data.co.uk,SP1,2015-16,hc,380,3,0,377,0.007894736842105263,0.0,5.0,17.0,0.05,OBSERVED,aucun verrou automatique
football-data.co.uk,SP1,2015-16,ac,380,14,0,366,0.03684210526315789,0.0,4.0,17.0,0.05,OBSERVED,aucun verrou automatique
football-data.co.uk,SP1,2016-17,hthg,380,193,0,187,0.5078947368421053,0.0,0.0,4.0,0.05,OBSERVED,aucun verrou automatique
football-data.co.uk,SP1,2016-17,htag,380,234,0,146,0.6157894736842106,0.0,0.0,4.0,0.05,OBSERVED,aucun verrou automatique
football-data.co.uk,SP1,2016-17,hy,380,34,0,346,0.08947368421052632,0.0,2.0,7.0,0.05,OBSERVED,aucun verrou automatique
football-data.co.uk,SP1,2016-17,ay,380,19,0,361,0.05,0.0,3.0,7.0,0.05,OBSERVED,aucun verrou automatique
football-data.co.uk,SP1,2016-17,hr,380,348,0,32,0.9157894736842105,0.0,0.0,2.0,0.05,OBSERVED,aucun verrou automatique
football-data.co.uk,SP1,2016-17,ar,380,329,0,51,0.8657894736842106,0.0,0.0,2.0,0.05,OBSERVED,aucun verrou automatique
football-data.co.uk,SP1,2016-17,hc,380,6,0,374,0.015789473684210527,0.0,5.0,20.0,0.05,OBSERVED,aucun verrou automatique
football-data.co.uk,SP1,2016-17,ac,380,15,0,365,0.039473684210526314,0.0,4.0,14.0,0.05,OBSERVED,aucun verrou automatique
football-data.co.uk,SP1,2017-18,hthg,380,202,0,178,0.531578947368421,0.0,0.0,5.0,0.05,OBSERVED,aucun verrou automatique
football-data.co.uk,SP1,2017-18,htag,380,230,0,150,0.6052631578947368,0.0,0.0,3.0,0.05,OBSERVED,aucun verrou automatique
football-data.co.uk,SP1,2017-18,hy,380,36,0,344,0.09473684210526316,0.0,2.0,8.0,0.05,OBSERVED,aucun verrou automatique
football-data.co.uk,SP1,2017-18,ay,380,22,0,358,0.05789473684210526,0.0,3.0,9.0,0.05,OBSERVED,aucun verrou automatique
football-data.co.uk,SP1,2017-18,hr,380,339,0,41,0.8921052631578947,0.0,0.0,2.0,0.05,OBSERVED,aucun verrou automatique
football-data.co.uk,SP1,2017-18,ar,380,351,0,29,0.9236842105263158,0.0,0.0,2.0,0.05,OBSERVED,aucun verrou automatique
football-data.co.uk,SP1,2017-18,hc,380,2,0,378,0.005263157894736842,0.0,5.0,16.0,0.05,OBSERVED,aucun verrou automatique
football-data.co.uk,SP1,2017-18,ac,380,15,0,365,0.039473684210526314,0.0,4.0,14.0,0.05,OBSERVED,aucun verrou automatique
football-data.co.uk,SP1,2018-19,hthg,380,210,0,170,0.5526315789473685,0.0,0.0,3.0,0.05,OBSERVED,aucun verrou automatique
football-data.co.uk,SP1,2018-19,htag,380,234,0,146,0.6157894736842106,0.0,0.0,5.0,0.05,OBSERVED,aucun verrou automatique
football-data.co.uk,SP1,2018-19,hy,380,32,0,348,0.08421052631578947,0.0,2.0,8.0,0.05,OBSERVED,aucun verrou automatique
football-data.co.uk,SP1,2018-19,ay,380,11,0,369,0.02894736842105263,0.0,3.0,7.0,0.05,OBSERVED,aucun verrou automatique
football-data.co.uk,SP1,2018-19,hr,380,347,0,33,0.9131578947368421,0.0,0.0,1.0,0.05,OBSERVED,aucun verrou automatique
football-data.co.uk,SP1,2018-19,ar,380,336,0,44,0.8842105263157894,0.0,0.0,2.0,0.05,OBSERVED,aucun verrou automatique
football-data.co.uk,SP1,2018-19,hc,380,6,0,374,0.015789473684210527,0.0,5.0,15.0,0.05,OBSERVED,aucun verrou automatique
football-data.co.uk,SP1,2018-19,ac,380,13,0,367,0.034210526315789476,0.0,4.0,12.0,0.05,OBSERVED,aucun verrou automatique
football-data.co.uk,SP1,2019-20,hthg,380,218,0,162,0.5736842105263158,0.0,0.0,4.0,0.05,OBSERVED,aucun verrou automatique
football-data.co.uk,SP1,2019-20,htag,380,242,0,138,0.6368421052631579,0.0,0.0,3.0,0.05,OBSERVED,aucun verrou automatique
football-data.co.uk,SP1,2019-20,hy,380,32,0,348,0.08421052631578947,0.0,2.0,7.0,0.05,OBSERVED,aucun verrou automatique
football-data.co.uk,SP1,2019-20,ay,380,26,0,354,0.06842105263157895,0.0,2.0,8.0,0.05,OBSERVED,aucun verrou automatique
football-data.co.uk,SP1,2019-20,hr,380,346,0,34,0.9105263157894737,0.0,0.0,2.0,0.05,OBSERVED,aucun verrou automatique
football-data.co.uk,SP1,2019-20,ar,380,333,0,47,0.8763157894736842,0.0,0.0,2.0,0.05,OBSERVED,aucun verrou automatique
football-data.co.uk,SP1,2019-20,hc,380,5,0,375,0.013157894736842105,0.0,5.0,14.0,0.05,OBSERVED,aucun verrou automatique
football-data.co.uk,SP1,2019-20,ac,380,12,0,368,0.031578947368421054,0.0,4.0,12.0,0.05,OBSERVED,aucun verrou automatique
football-data.co.uk,SP1,2020-21,hthg,380,204,0,176,0.5368421052631579,0.0,0.0,4.0,0.05,OBSERVED,aucun verrou automatique
football-data.co.uk,SP1,2020-21,htag,380,226,0,154,0.5947368421052631,0.0,0.0,4.0,0.05,OBSERVED,aucun verrou automatique
football-data.co.uk,SP1,2020-21,hy,380,47,0,333,0.12368421052631579,0.0,2.0,8.0,0.05,OBSERVED,aucun verrou automatique
football-data.co.uk,SP1,2020-21,ay,380,40,0,340,0.10526315789473684,0.0,2.0,7.0,0.05,OBSERVED,aucun verrou automatique
football-data.co.uk,SP1,2020-21,hr,380,343,0,37,0.9026315789473685,0.0,0.0,2.0,0.05,OBSERVED,aucun verrou automatique
football-data.co.uk,SP1,2020-21,ar,380,345,0,35,0.9078947368421053,0.0,0.0,2.0,0.05,OBSERVED,aucun verrou automatique
football-data.co.uk,SP1,2020-21,hc,380,11,0,369,0.02894736842105263,0.0,4.0,15.0,0.05,OBSERVED,aucun verrou automatique
football-data.co.uk,SP1,2020-21,ac,380,15,0,365,0.039473684210526314,0.0,4.0,14.0,0.05,OBSERVED,aucun verrou automatique
football-data.co.uk,SP1,2021-22,hthg,380,202,0,178,0.531578947368421,0.0,0.0,4.0,0.05,OBSERVED,aucun verrou automatique
football-data.co.uk,SP1,2021-22,htag,380,246,0,134,0.6473684210526316,0.0,0.0,4.0,0.05,OBSERVED,aucun verrou automatique
football-data.co.uk,SP1,2021-22,hy,380,25,0,355,0.06578947368421052,0.0,2.0,8.0,0.05,OBSERVED,aucun verrou automatique
football-data.co.uk,SP1,2021-22,ay,380,32,0,348,0.08421052631578947,0.0,3.0,7.0,0.05,OBSERVED,aucun verrou automatique
football-data.co.uk,SP1,2021-22,hr,380,332,0,48,0.8736842105263158,0.0,0.0,2.0,0.05,OBSERVED,aucun verrou automatique
football-data.co.uk,SP1,2021-22,ar,380,344,0,36,0.9052631578947369,0.0,0.0,2.0,0.05,OBSERVED,aucun verrou automatique
football-data.co.uk,SP1,2021-22,hc,380,7,0,373,0.018421052631578946,0.0,5.0,16.0,0.05,OBSERVED,aucun verrou automatique
football-data.co.uk,SP1,2021-22,ac,380,15,0,365,0.039473684210526314,0.0,4.0,12.0,0.05,OBSERVED,aucun verrou automatique
football-data.co.uk,SP1,2022-23,hthg,380,198,0,182,0.5210526315789473,0.0,0.0,4.0,0.05,OBSERVED,aucun verrou automatique
football-data.co.uk,SP1,2022-23,htag,380,243,0,137,0.6394736842105263,0.0,0.0,4.0,0.05,OBSERVED,aucun verrou automatique
football-data.co.uk,SP1,2022-23,hy,380,44,0,336,0.11578947368421053,0.0,2.0,9.0,0.05,OBSERVED,aucun verrou automatique
football-data.co.uk,SP1,2022-23,ay,380,36,0,344,0.09473684210526316,0.0,2.0,8.0,0.05,OBSERVED,aucun verrou automatique
football-data.co.uk,SP1,2022-23,hr,380,325,0,55,0.8552631578947368,0.0,0.0,2.0,0.05,OBSERVED,aucun verrou automatique
football-data.co.uk,SP1,2022-23,ar,380,311,0,69,0.8184210526315789,0.0,0.0,2.0,0.05,OBSERVED,aucun verrou automatique
football-data.co.uk,SP1,2022-23,hc,380,4,0,376,0.010526315789473684,0.0,5.0,19.0,0.05,OBSERVED,aucun verrou automatique
football-data.co.uk,SP1,2022-23,ac,380,11,0,369,0.02894736842105263,0.0,4.0,15.0,0.05,OBSERVED,aucun verrou automatique
football-data.co.uk,SP1,2023-24,hthg,380,200,0,180,0.5263157894736842,0.0,0.0,4.0,0.05,OBSERVED,aucun verrou automatique
football-data.co.uk,SP1,2023-24,htag,380,220,0,160,0.5789473684210527,0.0,0.0,4.0,0.05,OBSERVED,aucun verrou automatique
football-data.co.uk,SP1,2023-24,hy,380,42,0,338,0.11052631578947368,0.0,2.0,8.0,0.05,OBSERVED,aucun verrou automatique
football-data.co.uk,SP1,2023-24,ay,380,26,0,354,0.06842105263157895,0.0,2.0,8.0,0.05,OBSERVED,aucun verrou automatique
football-data.co.uk,SP1,2023-24,hr,380,339,0,41,0.8921052631578947,0.0,0.0,2.0,0.05,OBSERVED,aucun verrou automatique
football-data.co.uk,SP1,2023-24,ar,380,338,0,42,0.8894736842105263,0.0,0.0,2.0,0.05,OBSERVED,aucun verrou automatique
football-data.co.uk,SP1,2023-24,hc,380,7,0,373,0.018421052631578946,0.0,5.0,15.0,0.05,OBSERVED,aucun verrou automatique
football-data.co.uk,SP1,2023-24,ac,380,14,0,366,0.03684210526315789,0.0,4.0,15.0,0.05,OBSERVED,aucun verrou automatique
football-data.co.uk,SP1,2024-25,hthg,380,193,0,187,0.5078947368421053,0.0,0.0,5.0,0.05,OBSERVED,aucun verrou automatique
football-data.co.uk,SP1,2024-25,htag,380,239,0,141,0.6289473684210526,0.0,0.0,3.0,0.05,OBSERVED,aucun verrou automatique
football-data.co.uk,SP1,2024-25,hy,380,54,0,326,0.14210526315789473,0.0,2.0,7.0,0.05,OBSERVED,aucun verrou automatique
football-data.co.uk,SP1,2024-25,ay,380,42,0,338,0.11052631578947368,0.0,2.0,9.0,0.05,OBSERVED,aucun verrou automatique
football-data.co.uk,SP1,2024-25,hr,380,344,0,36,0.9052631578947369,0.0,0.0,2.0,0.05,OBSERVED,aucun verrou automatique
football-data.co.uk,SP1,2024-25,ar,380,343,0,37,0.9026315789473685,0.0,0.0,2.0,0.05,OBSERVED,aucun verrou automatique
football-data.co.uk,SP1,2024-25,hc,380,5,0,375,0.013157894736842105,0.0,5.0,26.0,0.05,OBSERVED,aucun verrou automatique
football-data.co.uk,SP1,2024-25,ac,380,11,0,369,0.02894736842105263,0.0,4.0,14.0,0.05,OBSERVED,aucun verrou automatique
football-data.co.uk,SP1,2025-26,hthg,380,193,0,187,0.5078947368421053,0.0,0.0,4.0,0.05,OBSERVED,aucun verrou automatique
football-data.co.uk,SP1,2025-26,htag,380,232,0,148,0.6105263157894737,0.0,0.0,4.0,0.05,OBSERVED,aucun verrou automatique
football-data.co.uk,SP1,2025-26,hy,380,45,0,335,0.11842105263157894,0.0,2.0,7.0,0.05,OBSERVED,aucun verrou automatique
football-data.co.uk,SP1,2025-26,ay,380,30,0,350,0.07894736842105263,0.0,2.0,8.0,0.05,OBSERVED,aucun verrou automatique
football-data.co.uk,SP1,2025-26,hr,380,338,0,42,0.8894736842105263,0.0,0.0,3.0,0.05,OBSERVED,aucun verrou automatique
football-data.co.uk,SP1,2025-26,ar,380,331,0,49,0.8710526315789474,0.0,0.0,2.0,0.05,OBSERVED,aucun verrou automatique
football-data.co.uk,SP1,2025-26,hc,380,3,0,377,0.007894736842105263,0.0,5.0,21.0,0.05,OBSERVED,aucun verrou automatique
football-data.co.uk,SP1,2025-26,ac,380,15,0,365,0.039473684210526314,0.0,4.0,14.0,0.05,OBSERVED,aucun verrou automatique
